timestamp,epoch,iteration,loss,throughput_samp_s,comm_latency_ms,iter_time_ms,rank,world_size,arch
1778420843.6429188,1,0,2.417121,29.3,608.028,1086.283,0,4,ps
1778420844.318566,1,1,2.333606,48.92,594.772,647.72,0,4,ps
1778420844.9359162,1,2,2.300402,53.53,571.231,588.603,0,4,ps
1778420845.537711,1,3,2.296056,53.9,565.599,584.511,0,4,ps
1778420846.1192205,1,4,2.363949,56.52,540.75,557.091,0,4,ps
1778420846.7187705,1,5,2.33724,55.23,552.682,570.358,0,4,ps
1778420847.3364406,1,6,2.35955,53.48,571.908,589.14,0,4,ps
1778420847.9235642,1,7,2.221089,56.49,533.881,557.402,0,4,ps
1778420848.502177,1,8,2.206254,56.15,546.094,560.762,0,4,ps
1778420849.0703313,1,9,2.209157,57.17,528.413,552.471,0,4,ps
1778420850.073885,1,10,2.439818,32.19,968.518,985.282,0,4,ps
1778420851.081744,1,11,2.202057,32.63,958.185,970.167,0,4,ps
1778420852.1084387,1,12,2.417834,31.64,984.42,1000.936,0,4,ps
1778420853.1281714,1,13,2.219904,31.77,980.904,997.086,0,4,ps
1778420854.1453578,1,14,2.376595,32.09,974.378,988.24,0,4,ps
1778420855.1459033,1,15,1.969029,32.26,958.739,982.671,0,4,ps
1778420856.1573443,1,16,2.223093,31.89,972.53,993.342,0,4,ps
1778420857.1719172,1,17,2.057761,32.04,962.206,989.449,0,4,ps
1778420858.1940691,1,18,2.145172,31.6,982.055,1003.029,0,4,ps
1778420859.1875296,1,19,2.096993,32.83,949.902,965.23,0,4,ps
1778420860.1929815,1,20,1.978957,32.52,959.295,974.787,0,4,ps
1778420861.232261,1,21,1.947685,31.04,1000.725,1020.847,0,4,ps
1778420862.256153,1,22,1.810677,31.9,976.268,993.251,0,4,ps
1778420863.2752182,1,23,2.027034,32.13,967.557,985.189,0,4,ps
1778420864.3321726,1,24,2.024504,30.77,995.475,1028.911,0,4,ps
1778420865.3426683,1,25,2.1967,32.41,964.038,978.256,0,4,ps
1778420866.359301,1,26,2.137195,32.02,973.269,989.994,0,4,ps
1778420867.3588092,1,27,2.067082,32.29,955.394,980.538,0,4,ps
1778420868.3818119,1,28,2.105486,31.55,989.465,1004.925,0,4,ps
1778420869.395728,1,29,2.068306,31.83,970.197,995.207,0,4,ps
1778420870.4107397,1,30,1.996889,32.03,969.902,989.708,0,4,ps
1778420871.41813,1,31,1.844364,32.02,969.612,990.124,0,4,ps
1778420872.434387,1,32,2.064788,31.73,977.341,999.109,0,4,ps
1778420873.4473536,1,33,1.997008,32.25,968.708,982.114,0,4,ps
1778420874.4852028,1,34,2.166535,31.08,998.255,1021.017,0,4,ps
1778420875.5103767,1,35,1.892199,31.48,991.077,1006.308,0,4,ps
1778420876.5303757,1,36,2.174774,31.65,985.944,1001.246,0,4,ps
1778420877.5404327,1,37,2.039149,31.95,970.249,992.575,0,4,ps
1778420878.5360494,1,38,2.011897,32.67,949.293,970.325,0,4,ps
1778420879.536618,1,39,1.698787,32.24,967.858,982.587,0,4,ps
1778420880.5509498,1,40,1.706456,31.8,981.429,996.852,0,4,ps
1778420881.5664704,1,41,2.091224,31.91,967.943,993.465,0,4,ps
1778420882.5687604,1,42,2.104579,32.62,954.926,971.541,0,4,ps
1778420883.5808055,1,43,1.594541,32.48,962.307,975.222,0,4,ps
1778420884.5881724,1,44,1.940294,32.03,974.422,989.737,0,4,ps
1778420885.607237,1,45,2.088192,32.02,970.575,988.851,0,4,ps
1778420886.6208289,1,46,1.647427,32.18,970.583,985.092,0,4,ps
1778420887.618555,1,47,1.963311,32.34,959.115,979.173,0,4,ps
1778420888.6328664,1,48,1.961544,31.97,972.257,991.194,0,4,ps
1778420889.665581,1,49,1.894145,31.44,993.991,1008.575,0,4,ps
1778420890.6879718,1,50,1.957171,31.96,974.317,990.868,0,4,ps
1778420891.692342,1,51,1.790426,32.37,956.597,978.192,0,4,ps
1778420892.701795,1,52,1.839464,31.96,971.462,990.813,0,4,ps
1778420893.7205803,1,53,1.50552,31.63,983.733,1002.092,0,4,ps
1778420894.7161698,1,54,1.836324,32.85,947.167,964.742,0,4,ps
1778420895.7189589,1,55,1.877954,32.36,963.469,979.912,0,4,ps
1778420896.7222266,1,56,1.734459,32.65,945.205,970.902,0,4,ps
1778420897.7226646,1,57,2.10352,32.25,950.699,982.962,0,4,ps
1778420898.731156,1,58,1.764009,32.22,964.99,983.067,0,4,ps
1778420899.755991,1,59,1.709522,31.56,985.476,1004.803,0,4,ps
1778420900.7949374,1,60,1.685028,31.47,989.702,1007.499,0,4,ps
1778420901.8150272,1,61,1.72897,31.84,977.077,995.998,0,4,ps
1778420902.8178542,1,62,1.301808,32.19,957.483,984.255,0,4,ps
1778420903.8201523,1,63,1.780369,32.22,963.604,982.979,0,4,ps
1778420904.825359,1,64,1.713094,32.28,966.209,981.547,0,4,ps
1778420905.8492444,1,65,1.980741,31.77,973.962,997.127,0,4,ps
1778420906.8711329,1,66,1.667835,31.57,988.434,1005.281,0,4,ps
1778420907.8937101,1,67,1.742663,31.55,984.903,1003.976,0,4,ps
1778420908.9106307,1,68,1.917311,31.71,980.768,998.712,0,4,ps
1778420909.9090261,1,69,2.022693,32.69,955.748,969.015,0,4,ps
1778420910.9244888,1,70,1.642878,31.76,975.925,997.309,0,4,ps
1778420911.9324508,1,71,1.769649,32.44,957.665,976.857,0,4,ps
1778420912.9209347,1,72,1.777323,33.25,932.521,953.675,0,4,ps
1778420913.9270966,1,73,1.981822,32.63,940.812,970.492,0,4,ps
1778420914.9376667,1,74,1.504349,31.91,976.65,993.38,0,4,ps
1778420915.9468598,1,75,1.896177,31.96,971.2,991.087,0,4,ps
1778420916.9559767,1,76,1.724149,32.52,958.283,973.798,0,4,ps
1778420917.9637518,1,77,1.667028,32.45,959.771,976.756,0,4,ps
1778420918.971302,1,78,1.833284,32.22,963.854,983.2,0,4,ps
1778420919.9837148,1,79,1.810369,32.07,970.677,988.364,0,4,ps
1778420921.0054576,1,80,1.881191,32.02,977.479,990.24,0,4,ps
1778420922.012786,1,81,2.010294,32.06,956.046,987.942,0,4,ps
1778420923.0194144,1,82,1.609564,32.62,956.723,971.533,0,4,ps
1778420924.0231588,1,83,1.439547,32.12,957.895,986.591,0,4,ps
1778420925.0347252,1,84,1.511703,32.47,955.639,974.082,0,4,ps
1778420926.0624094,1,85,1.653655,31.39,993.021,1008.534,0,4,ps
1778420927.0748057,1,86,1.479771,32.08,970.841,987.369,0,4,ps
1778420928.0880127,1,87,2.025675,31.84,961.026,994.999,0,4,ps
1778420929.1087246,1,88,1.841042,31.62,985.818,1001.879,0,4,ps
1778420930.1212413,1,89,1.942377,32.26,966.733,982.42,0,4,ps
1778420931.1242647,1,90,1.61615,32.15,970.018,986.205,0,4,ps
1778420932.1264808,1,91,1.985813,32.23,961.045,982.51,0,4,ps
1778420933.133783,1,92,1.570411,32.24,962.471,983.277,0,4,ps
1778420934.1454146,1,93,1.590329,32.0,974.642,991.056,0,4,ps
1778420935.1457343,1,94,1.678718,32.64,956.355,970.09,0,4,ps
1778420936.148075,1,95,1.425877,32.29,965.836,981.283,0,4,ps
1778420937.1620743,1,96,1.706028,31.81,974.975,995.771,0,4,ps
1778420938.1786582,1,97,2.004117,31.73,976.98,999.099,0,4,ps
1778420939.2175598,1,98,1.765743,31.06,998.527,1020.597,0,4,ps
1778420940.2475817,1,99,1.881537,31.55,980.904,1004.385,0,4,ps
1778420941.2837875,1,100,1.666425,31.29,996.962,1014.035,0,4,ps
1778420942.3206432,1,101,1.523268,31.27,992.477,1013.682,0,4,ps
1778420943.3231342,1,102,1.563572,32.59,958.442,972.561,0,4,ps
1778420944.360356,1,103,1.912036,31.08,994.892,1019.373,0,4,ps
1778420945.3722281,1,104,1.782241,31.88,974.313,994.498,0,4,ps
1778420946.3995373,1,105,1.606219,31.4,992.203,1009.927,0,4,ps
1778420947.4036794,1,106,1.531441,32.13,970.539,985.908,0,4,ps
1778420948.4065058,1,107,2.183823,32.19,964.935,984.633,0,4,ps
1778420949.4113734,1,108,1.938859,32.12,963.628,986.569,0,4,ps
1778420950.4156954,1,109,1.797729,32.57,955.955,971.939,0,4,ps
1778420951.4413292,1,110,1.575129,31.45,985.758,1007.21,0,4,ps
1778420952.4707053,1,111,1.85883,31.33,990.66,1011.003,0,4,ps
1778420953.4704742,1,112,2.074272,32.56,955.623,972.805,0,4,ps
1778420954.5130315,1,113,1.758703,31.38,993.023,1008.976,0,4,ps
1778420955.5206535,1,114,1.893633,32.3,966.399,981.335,0,4,ps
1778420956.5547376,1,115,1.78245,31.52,987.455,1006.124,0,4,ps
1778420957.5746136,1,116,1.77012,32.03,961.74,988.559,0,4,ps
1778420958.5650895,1,117,1.734267,32.86,943.376,964.695,0,4,ps
1778420959.5714724,1,118,1.819989,32.38,960.138,978.054,0,4,ps
1778420960.5838041,1,119,1.506128,32.24,963.953,983.102,0,4,ps
1778420961.591736,1,120,1.941998,32.01,962.554,989.705,0,4,ps
1778420962.5947435,1,121,1.839936,32.17,958.687,985.483,0,4,ps
1778420963.6010425,1,122,1.458935,32.07,960.507,988.648,0,4,ps
1778420964.6100981,1,123,1.72269,31.97,972.16,990.656,0,4,ps
1778420965.6308022,1,124,1.545111,31.6,982.999,1002.592,0,4,ps
1778420966.6598568,1,125,1.375595,31.9,978.48,991.705,0,4,ps
1778420967.6863923,1,126,1.515629,31.65,983.231,1000.524,0,4,ps
1778420968.7009547,1,127,1.686672,31.79,978.281,996.943,0,4,ps
1778420969.7082324,1,128,1.422974,32.03,970.476,989.379,0,4,ps
1778420970.7171261,1,129,1.934079,32.45,942.146,976.787,0,4,ps
1778420971.7392123,1,130,1.602108,32.13,972.654,985.273,0,4,ps
1778420972.761572,1,131,1.407418,31.78,981.843,997.527,0,4,ps
1778420973.8163254,1,132,1.719166,30.98,1009.031,1025.559,0,4,ps
1778420974.8281891,1,133,1.753451,31.9,978.358,993.192,0,4,ps
1778420975.8744786,1,134,1.782182,30.83,1012.694,1027.519,0,4,ps
1778420976.9038658,1,135,1.702258,31.33,996.24,1012.034,0,4,ps
1778420977.9139369,1,136,1.753272,31.95,976.611,992.141,0,4,ps
1778420978.9347386,1,137,1.796505,31.61,983.57,1002.998,0,4,ps
1778420979.942469,1,138,1.642468,32.73,953.213,967.274,0,4,ps
1778420980.9590156,1,139,2.041361,31.74,972.565,998.846,0,4,ps
1778420981.9796522,1,140,1.751742,32.08,972.255,988.058,0,4,ps
1778420982.995134,1,141,1.883783,32.14,969.747,986.383,0,4,ps
1778420984.0253482,1,142,1.59883,31.53,988.547,1005.437,0,4,ps
1778420985.0644867,1,143,1.401095,31.44,976.268,1007.268,0,4,ps
1778420986.0942729,1,144,1.579035,31.36,975.0,1009.984,0,4,ps
1778420987.1347187,1,145,1.491089,31.12,990.037,1018.897,0,4,ps
1778420988.1664584,1,146,1.746325,31.49,985.2,1007.091,0,4,ps
1778420989.1912684,1,147,2.118518,32.18,962.276,983.766,0,4,ps
1778420990.2153604,1,148,1.657725,31.49,990.634,1006.507,0,4,ps
1778420991.2350578,1,149,1.766268,31.98,977.002,990.417,0,4,ps
1778420992.2786276,1,150,1.715343,31.13,1001.463,1017.446,0,4,ps
1778420993.3124332,1,151,1.847301,31.69,980.8,999.962,0,4,ps
1778420994.3462248,1,152,1.47914,31.63,982.826,1002.48,0,4,ps
1778420995.3637743,1,153,1.769091,32.48,960.131,975.012,0,4,ps
1778420996.3788297,1,154,1.462341,32.02,969.685,989.841,0,4,ps
1778420997.3884733,1,155,1.453972,31.95,965.728,992.101,0,4,ps
1778420998.4063864,1,156,1.577904,31.7,973.333,999.739,0,4,ps
1778420999.415769,1,157,1.74096,32.48,957.229,975.168,0,4,ps
1778421000.4679427,1,158,1.797164,30.67,1004.806,1032.514,0,4,ps
1778421001.4954607,1,159,1.568652,31.59,987.094,1003.208,0,4,ps
1778421002.4941945,1,160,1.557486,32.53,958.505,974.119,0,4,ps
1778421003.5007021,1,161,1.606675,32.05,974.078,989.451,0,4,ps
1778421004.5639398,1,162,1.539624,30.61,1020.67,1036.161,0,4,ps
1778421005.600204,1,163,1.65175,31.32,988.081,1011.633,0,4,ps
1778421006.6314213,1,164,1.521885,31.46,986.655,1006.979,0,4,ps
1778421007.6647737,1,165,1.585721,31.51,991.939,1006.996,0,4,ps
1778421008.6905267,1,166,1.57791,31.46,986.519,1007.559,0,4,ps
1778421009.7130527,1,167,1.304335,31.57,979.979,1003.625,0,4,ps
1778421010.715422,1,168,1.566877,32.63,945.237,971.401,0,4,ps
1778421011.7133071,1,169,1.371879,32.43,959.884,978.314,0,4,ps
1778421012.7161415,1,170,1.394066,32.46,957.733,976.876,0,4,ps
1778421013.7306764,1,171,1.727816,31.94,972.19,992.258,0,4,ps
1778421014.7488372,1,172,2.106814,31.69,983.738,1000.11,0,4,ps
1778421015.7649457,1,173,1.288753,31.76,978.33,998.358,0,4,ps
1778421016.7739444,1,174,1.214437,32.36,953.344,979.935,0,4,ps
1778421017.779239,1,175,1.600782,32.32,965.117,980.011,0,4,ps
1778421018.7971797,1,176,1.768542,31.86,977.678,994.759,0,4,ps
1778421019.805586,1,177,1.949448,32.43,962.877,977.579,0,4,ps
1778421020.8279366,1,178,1.665536,31.55,988.402,1003.882,0,4,ps
1778421021.8678975,1,179,1.577928,31.38,993.385,1008.961,0,4,ps
1778421022.879175,1,180,1.40784,32.11,972.016,987.012,0,4,ps
1778421023.8998487,1,181,1.725513,32.03,974.583,989.412,0,4,ps
1778421024.9138181,1,182,1.703343,31.81,982.083,996.42,0,4,ps
1778421025.9208016,1,183,1.377826,32.26,966.468,981.439,0,4,ps
1778421026.9164727,1,184,1.434551,32.67,951.694,970.296,0,4,ps
1778421027.9269662,1,185,1.079653,32.29,968.301,983.032,0,4,ps
1778421028.935763,1,186,1.356311,31.99,970.537,989.93,0,4,ps
1778421029.9423556,1,187,1.36647,32.37,963.96,979.431,0,4,ps
1778421030.9610066,1,188,1.400648,32.38,966.84,978.003,0,4,ps
1778421031.9693437,1,189,1.714686,32.27,967.507,982.219,0,4,ps
1778421032.9845243,1,190,1.682338,31.88,973.389,994.764,0,4,ps
1778421034.0101333,1,191,1.459342,31.46,991.153,1007.083,0,4,ps
1778421035.0359623,1,192,1.348323,32.14,969.717,984.861,0,4,ps
1778421036.0611253,1,193,1.357885,31.86,976.497,993.047,0,4,ps
1778421037.0961883,1,194,1.779518,31.17,988.88,1016.7,0,4,ps
1778421038.1050355,1,195,1.579351,32.45,962.153,976.275,0,4,ps
1778421039.1185787,1,196,1.44787,32.07,971.97,988.752,0,4,ps
1778421040.1379151,1,197,1.370944,32.22,965.829,983.035,0,4,ps
1778421041.1601257,1,198,1.707063,31.58,986.237,1003.843,0,4,ps
1778421042.2063386,1,199,1.280971,30.85,996.378,1027.53,0,4,ps
1778421043.2253487,1,200,1.885513,32.24,966.386,982.013,0,4,ps
1778421044.2607086,1,201,1.928777,31.45,974.978,1006.545,0,4,ps
1778421045.2760096,1,202,1.480028,31.81,975.086,996.277,0,4,ps
1778421046.2999434,1,203,1.68967,31.84,971.042,995.788,0,4,ps
1778421047.3759627,1,204,1.836778,29.99,1031.601,1057.608,0,4,ps
1778421048.3854067,1,205,1.487683,32.31,961.786,981.07,0,4,ps
1778421049.4090288,1,206,1.390546,32.07,972.82,987.617,0,4,ps
1778421050.430139,1,207,1.623307,31.59,975.107,1001.862,0,4,ps
1778421051.4522738,1,208,1.188734,31.7,979.199,998.717,0,4,ps
1778421052.4717622,1,209,1.512011,31.97,976.022,990.378,0,4,ps
1778421053.4878485,1,210,1.914575,31.74,977.999,998.18,0,4,ps
1778421054.5126734,1,211,1.234277,31.82,981.786,996.395,0,4,ps
1778421055.5171764,1,212,1.678972,32.73,949.91,967.615,0,4,ps
1778421056.5351603,1,213,1.472823,31.69,984.629,1000.212,0,4,ps
1778421057.5511189,1,214,1.70717,32.1,964.539,986.318,0,4,ps
1778421058.5492342,1,215,1.53326,33.04,946.806,960.462,0,4,ps
1778421059.5562797,1,216,1.810173,32.04,974.098,988.733,0,4,ps
1778421060.5669346,1,217,1.308484,31.92,978.194,993.344,0,4,ps
1778421061.5818326,1,218,1.246209,32.03,971.586,989.718,0,4,ps
1778421062.5977027,1,219,1.16415,31.76,976.536,997.087,0,4,ps
1778421063.624428,1,220,1.947058,32.08,975.123,987.242,0,4,ps
1778421064.6560328,1,221,1.613202,31.27,982.516,1012.222,0,4,ps
1778421065.6836898,1,222,1.3013,31.72,980.9,998.547,0,4,ps
1778421066.6978207,1,223,1.541579,32.42,962.893,977.524,0,4,ps
1778421067.7055295,1,224,1.53093,32.0,975.304,990.629,0,4,ps
1778421068.729948,1,225,1.648587,31.73,984.425,999.36,0,4,ps
1778421069.7419937,1,226,1.5489,32.03,973.329,988.96,0,4,ps
1778421070.751129,1,227,1.834218,31.97,966.11,991.508,0,4,ps
1778421071.761856,1,228,1.344001,31.92,969.762,993.059,0,4,ps
1778421072.7782192,1,229,1.132825,32.01,976.024,990.183,0,4,ps
1778421073.7853987,1,230,1.600977,32.15,968.252,986.137,0,4,ps
1778421074.790355,1,231,1.119022,32.39,951.541,977.119,0,4,ps
1778421075.799192,1,232,1.172856,32.48,959.286,974.961,0,4,ps
1778421076.8331213,1,233,1.648166,31.38,992.802,1009.022,0,4,ps
1778421077.846592,1,234,1.304647,32.49,963.41,974.269,0,4,ps
1778421078.8574033,1,235,1.315044,32.15,959.432,985.602,0,4,ps
1778421079.8620834,1,236,1.334389,32.52,960.638,974.169,0,4,ps
1778421080.8639066,1,237,1.826464,32.57,959.012,973.047,0,4,ps
1778421081.8923306,1,238,1.40996,31.55,980.233,1004.478,0,4,ps
1778421082.898845,1,239,1.341476,32.05,965.727,988.888,0,4,ps
1778421083.9079144,1,240,1.661003,31.99,971.027,990.476,0,4,ps
1778421084.9077277,1,241,1.413366,32.29,943.832,981.894,0,4,ps
1778421085.909115,1,242,1.420738,32.22,960.324,982.638,0,4,ps
1778421086.9190242,1,243,1.530288,31.93,965.848,992.769,0,4,ps
1778421087.9101121,1,244,1.291947,32.69,950.64,969.699,0,4,ps
1778421088.9154832,1,245,1.53189,32.53,954.832,973.708,0,4,ps
1778421089.9351542,1,246,1.354046,31.64,978.019,1001.884,0,4,ps
1778421090.941581,1,247,1.499909,32.54,955.948,974.16,0,4,ps
1778421091.960598,1,248,1.408839,31.92,976.51,993.262,0,4,ps
1778421093.0020201,1,249,1.400917,30.97,994.011,1023.126,0,4,ps
1778421094.0421019,1,250,1.427793,31.25,991.587,1013.085,0,4,ps
1778421095.0804825,1,251,1.154214,31.11,988.109,1019.11,0,4,ps
1778421096.0940838,1,252,1.810437,32.14,970.658,986.304,0,4,ps
1778421097.1036887,1,253,1.491857,32.34,962.655,979.58,0,4,ps
1778421098.1286244,1,254,1.227669,31.48,988.134,1007.657,0,4,ps
1778421099.1260743,1,255,1.602859,32.88,948.657,964.062,0,4,ps
1778421100.166105,1,256,1.145137,31.63,988.66,1001.775,0,4,ps
1778421101.178443,1,257,1.313435,32.11,972.095,986.96,0,4,ps
1778421102.1941721,1,258,1.515811,31.78,981.971,997.262,0,4,ps
1778421103.207198,1,259,1.050757,31.85,974.466,994.042,0,4,ps
1778421104.242861,1,260,1.171256,31.57,982.96,1003.154,0,4,ps
1778421105.2656212,1,261,1.522485,31.98,975.679,990.258,0,4,ps
1778421106.2803655,1,262,1.480775,32.28,963.948,981.727,0,4,ps
1778421107.2978375,1,263,1.183744,32.1,971.024,987.427,0,4,ps
1778421108.3120537,1,264,1.305795,31.81,980.91,996.321,0,4,ps
1778421109.3141022,1,265,1.234639,32.62,956.379,971.664,0,4,ps
1778421110.3399982,1,266,1.224124,31.44,989.896,1007.816,0,4,ps
1778421111.3470418,1,267,1.745025,32.05,973.271,989.185,0,4,ps
1778421112.3602023,1,268,1.605586,31.86,973.353,994.945,0,4,ps
1778421113.3662713,1,269,1.488142,32.49,953.303,975.046,0,4,ps
1778421114.4010677,1,270,1.427192,31.18,1001.052,1016.505,0,4,ps
1778421115.414193,1,271,1.653432,32.23,964.522,982.754,0,4,ps
1778421116.4473724,1,272,1.008462,31.62,986.158,1001.733,0,4,ps
1778421117.475677,1,273,1.500466,31.78,976.779,997.335,0,4,ps
1778421118.4897413,1,274,1.228596,32.37,962.563,979.535,0,4,ps
1778421119.4987142,1,275,1.252677,31.99,964.378,990.489,0,4,ps
1778421120.5187469,1,276,1.486379,31.96,973.89,992.289,0,4,ps
1778421121.528848,1,277,1.233963,32.14,961.87,984.973,0,4,ps
1778421122.5340211,1,278,1.313364,32.36,957.794,979.767,0,4,ps
1778421123.5452156,1,279,1.262451,32.18,968.885,984.338,0,4,ps
1778421124.591395,1,280,1.528949,30.82,1011.061,1029.119,0,4,ps
1778421125.6121085,1,281,1.360501,31.61,986.033,1001.827,0,4,ps
1778421126.654812,1,282,1.300889,31.32,997.159,1011.645,0,4,ps
1778421127.6677804,1,283,1.488668,32.3,965.588,980.794,0,4,ps
1778421128.682494,1,284,1.576797,32.16,971.63,985.939,0,4,ps
1778421129.7055776,1,285,1.305968,31.99,972.118,989.885,0,4,ps
1778421130.7415252,1,286,1.745138,31.23,992.385,1015.32,0,4,ps
1778421131.7800176,1,287,1.804721,31.34,994.592,1011.018,0,4,ps
1778421132.8274088,1,288,1.198837,30.93,992.275,1023.96,0,4,ps
1778421133.85128,1,289,1.261813,32.0,976.386,990.071,0,4,ps
1778421134.879433,1,290,1.203882,31.41,993.479,1008.9,0,4,ps
1778421135.9002147,1,291,1.384957,32.24,968.049,983.178,0,4,ps
1778421136.9233832,1,292,1.269853,31.88,977.716,994.557,0,4,ps
1778421137.9278185,1,293,1.677224,32.51,960.551,974.234,0,4,ps
1778421138.9355183,1,294,0.922852,32.13,963.322,986.772,0,4,ps
1778421139.935714,1,295,1.177781,32.38,958.857,978.258,0,4,ps
1778421140.9600208,1,296,1.700722,31.73,981.827,999.28,0,4,ps
1778421141.9841926,1,297,1.782168,31.73,982.743,998.875,0,4,ps
1778421142.9861786,1,298,1.041264,32.65,952.275,969.636,0,4,ps
1778421144.03572,1,299,1.504632,30.88,1011.067,1027.911,0,4,ps
1778421145.0802073,1,300,1.531332,30.88,1007.543,1026.008,0,4,ps
1778421146.084632,1,301,1.542794,32.75,951.474,969.594,0,4,ps
1778421147.0971892,1,302,1.602326,31.88,970.662,993.437,0,4,ps
1778421148.118511,1,303,1.168231,31.58,987.382,1004.029,0,4,ps
1778421149.1161366,1,304,1.674291,32.76,952.012,967.683,0,4,ps
1778421150.1301115,1,305,1.361274,31.81,976.905,995.5,0,4,ps
1778421151.1495547,1,306,1.425501,32.06,974.193,988.566,0,4,ps
1778421152.1563635,1,307,1.557533,32.05,963.465,988.976,0,4,ps
1778421153.167463,1,308,1.436251,31.92,958.287,992.099,0,4,ps
1778421154.200734,1,309,1.307759,31.46,980.0,1006.544,0,4,ps
1778421155.2344868,1,310,1.565871,31.65,979.54,1000.642,0,4,ps
1778421156.2597883,1,311,1.410241,31.61,985.403,1002.592,0,4,ps
1778421157.2868738,1,312,1.25741,31.41,993.438,1009.307,0,4,ps
1778421158.3123689,1,313,1.453572,32.0,977.915,990.848,0,4,ps
1778421159.329539,1,314,1.32325,31.74,980.98,998.117,0,4,ps
1778421160.3511665,1,315,1.319621,32.14,970.251,986.86,0,4,ps
1778421161.3633285,1,316,1.257961,31.89,974.65,994.447,0,4,ps
1778421162.3792644,1,317,1.828335,31.88,976.196,993.353,0,4,ps
1778421163.4125752,1,318,1.440907,31.67,986.176,1001.76,0,4,ps
1778421164.454547,1,319,1.228646,30.97,1005.179,1023.335,0,4,ps
1778421165.4752812,1,320,1.377274,31.59,980.032,1003.928,0,4,ps
1778421166.4882796,1,321,1.430021,32.06,968.777,988.934,0,4,ps
1778421167.5062706,1,322,1.033874,31.71,984.524,999.953,0,4,ps
1778421168.513479,1,323,1.054244,32.4,954.745,977.737,0,4,ps
1778421169.5240817,1,324,1.276068,32.31,964.325,981.16,0,4,ps
1778421170.5381603,1,325,1.247374,31.81,980.241,995.304,0,4,ps
1778421171.5453217,1,326,1.138799,32.55,960.453,973.66,0,4,ps
1778421172.567094,1,327,1.634172,31.97,976.514,991.546,0,4,ps
1778421173.5928507,1,328,1.272147,31.92,973.19,992.17,0,4,ps
1778421174.6447873,1,329,1.402542,31.17,998.756,1015.649,0,4,ps
1778421175.660163,1,330,1.565697,32.42,965.008,977.264,0,4,ps
1778421176.689522,1,331,1.3509,31.33,989.315,1011.919,0,4,ps
1778421177.6949656,1,332,1.627006,32.76,954.091,967.563,0,4,ps
1778421178.7026367,1,333,1.28732,32.89,949.768,962.71,0,4,ps
1778421179.7059915,1,334,1.282891,32.53,958.909,974.417,0,4,ps
1778421180.7457669,1,335,1.234032,31.39,994.272,1010.199,0,4,ps
1778421181.7463589,1,336,1.248819,32.6,953.745,972.219,0,4,ps
1778421182.7642727,1,337,1.474795,32.2,967.525,984.076,0,4,ps
1778421183.786929,1,338,1.18976,31.96,973.836,990.636,0,4,ps
1778421184.8355849,1,339,1.535125,31.03,1001.957,1020.777,0,4,ps
1778421185.8587348,1,340,1.275486,31.98,976.538,990.914,0,4,ps
1778421186.8852742,1,341,1.360449,31.43,993.275,1008.82,0,4,ps
1778421187.8967059,1,342,1.161758,32.3,967.087,981.729,0,4,ps
1778421188.9153044,1,343,1.378781,32.09,972.167,987.998,0,4,ps
1778421189.926619,1,344,1.322635,31.91,967.661,992.881,0,4,ps
1778421190.9522467,1,345,1.532157,31.48,990.955,1007.335,0,4,ps
1778421191.982329,1,346,1.672821,31.75,972.335,997.09,0,4,ps
1778421193.0035584,1,347,1.299557,32.07,974.17,988.868,0,4,ps
1778421194.0249057,1,348,1.288241,31.55,987.722,1003.605,0,4,ps
1778421195.054841,1,349,1.476541,31.82,978.427,995.958,0,4,ps
1778421196.0628107,1,350,1.506257,32.02,963.643,989.967,0,4,ps
1778421197.0654912,1,351,1.459944,32.5,961.414,975.26,0,4,ps
1778421198.0880735,1,352,1.472102,31.78,981.227,996.87,0,4,ps
1778421199.1151693,1,353,1.795886,31.93,973.101,992.67,0,4,ps
1778421200.1363792,1,354,1.433633,31.92,978.501,993.449,0,4,ps
1778421201.1293144,1,355,1.354412,32.78,947.23,966.681,0,4,ps
1778421202.1383448,1,356,1.420563,31.98,965.802,990.036,0,4,ps
1778421203.1490765,1,357,1.728332,32.25,967.475,982.169,0,4,ps
1778421204.1609845,1,358,1.449258,32.4,959.799,978.28,0,4,ps
1778421205.2253847,1,359,1.329375,30.56,1012.305,1036.741,0,4,ps
1778421206.259053,1,360,1.487299,31.57,976.972,1004.118,0,4,ps
1778421207.2836025,1,361,1.300168,31.69,977.106,1000.835,0,4,ps
1778421208.3037772,1,362,1.289913,32.04,967.386,989.564,0,4,ps
1778421209.323929,1,363,1.107032,31.66,981.669,1000.364,0,4,ps
1778421210.340585,1,364,1.427114,31.77,968.649,997.568,0,4,ps
1778421211.3434289,1,365,1.141379,32.57,954.226,972.225,0,4,ps
1778421212.3638427,1,366,1.331018,31.62,986.594,1002.206,0,4,ps
1778421213.3847053,1,367,1.383709,31.6,977.69,1001.331,0,4,ps
1778421214.4124258,1,368,1.383378,31.64,981.41,1000.321,0,4,ps
1778421215.422444,1,369,1.430808,31.94,966.842,991.928,0,4,ps
1778421216.4339092,1,370,1.082335,32.47,960.542,975.656,0,4,ps
1778421217.4547064,1,371,1.266309,31.7,972.942,999.768,0,4,ps
1778421218.4638774,1,372,1.247393,31.99,968.959,990.662,0,4,ps
1778421219.4944782,1,373,1.189425,31.3,996.187,1012.199,0,4,ps
1778421220.5034473,1,374,1.281389,32.18,969.73,984.993,0,4,ps
1778421221.5009398,1,375,1.412961,32.93,946.776,961.649,0,4,ps
1778421222.5172482,1,376,0.970114,32.0,974.344,990.508,0,4,ps
1778421223.5486073,1,377,1.188661,31.57,986.025,1004.659,0,4,ps
1778421224.6066406,1,378,1.441132,30.66,1009.003,1033.388,0,4,ps
1778421225.6322691,1,379,1.605008,31.83,978.128,995.414,0,4,ps
1778421226.660765,1,380,1.391187,31.92,977.196,993.286,0,4,ps
1778421227.6731787,1,381,1.515896,32.05,970.726,989.267,0,4,ps
1778421228.6812093,1,382,1.478046,32.18,965.238,984.123,0,4,ps
1778421229.693973,1,383,1.208537,32.29,961.584,981.532,0,4,ps
1778421230.7105289,1,384,1.591962,32.27,965.663,982.173,0,4,ps
1778421231.7192667,1,385,1.064792,32.12,972.164,987.212,0,4,ps
1778421232.7227721,1,386,1.138173,32.39,959.269,978.487,0,4,ps
1778421233.7308939,1,387,1.294632,32.01,969.626,989.354,0,4,ps
1778421234.7633321,1,388,1.294049,31.24,994.629,1014.58,0,4,ps
1778421235.7776213,1,389,1.670502,32.05,970.674,987.9,0,4,ps
1778421236.8939152,1,390,1.033548,18.2,986.783,1086.6,0,4,ps
1778421241.069373,2,0,1.308006,31.67,964.036,1001.686,0,4,ps
1778421242.079578,2,1,1.417565,32.58,956.692,972.207,0,4,ps
1778421243.0884259,2,2,1.025667,32.21,965.653,984.363,0,4,ps
1778421244.0988984,2,3,1.434085,32.13,972.891,988.044,0,4,ps
1778421245.127392,2,4,1.14579,31.41,993.956,1008.961,0,4,ps
1778421246.1376474,2,5,1.408919,31.93,968.842,992.744,0,4,ps
1778421247.1561368,2,6,1.113198,32.09,971.363,987.464,0,4,ps
1778421248.1672812,2,7,1.349793,32.12,962.252,985.77,0,4,ps
1778421249.188899,2,8,1.527417,32.05,974.544,988.312,0,4,ps
1778421250.2148652,2,9,1.370869,31.75,979.767,997.741,0,4,ps
1778421251.2354121,2,10,1.401024,31.98,970.55,990.749,0,4,ps
1778421252.2508152,2,11,0.984361,32.01,965.321,990.642,0,4,ps
1778421253.2484357,2,12,1.092224,32.61,956.441,972.849,0,4,ps
1778421254.26206,2,13,1.404481,31.79,981.14,996.697,0,4,ps
1778421255.2754912,2,14,1.526227,32.21,948.225,984.222,0,4,ps
1778421256.2782133,2,15,0.981244,32.37,951.525,979.113,0,4,ps
1778421257.2827199,2,16,1.061024,32.49,954.408,975.619,0,4,ps
1778421258.2960894,2,17,1.234214,32.05,964.928,989.215,0,4,ps
1778421259.3042164,2,18,1.165766,32.18,967.949,985.105,0,4,ps
1778421260.31497,2,19,1.254925,31.92,977.443,992.628,0,4,ps
1778421261.3289518,2,20,1.397202,32.03,973.938,989.58,0,4,ps
1778421262.3336215,2,21,1.240009,32.12,965.001,987.18,0,4,ps
1778421263.3360195,2,22,1.075525,32.32,958.21,979.847,0,4,ps
1778421264.3674977,2,23,1.15077,31.28,982.669,1012.132,0,4,ps
1778421265.372728,2,24,1.208743,32.41,959.099,976.505,0,4,ps
1778421266.4031937,2,25,1.110023,31.59,986.522,1002.559,0,4,ps
1778421267.4221857,2,26,1.086483,32.11,966.556,986.677,0,4,ps
1778421268.4475944,2,27,1.021759,31.82,980.509,995.841,0,4,ps
1778421269.4468093,2,28,1.235267,33.0,948.925,960.409,0,4,ps
1778421270.4635684,2,29,1.040914,32.07,970.522,990.192,0,4,ps
1778421271.4788108,2,30,1.179091,31.78,981.462,996.603,0,4,ps
1778421272.4913836,2,31,1.21985,32.34,966.392,980.303,0,4,ps
1778421273.507796,2,32,1.196388,32.05,973.702,989.181,0,4,ps
1778421274.5325496,2,33,1.190674,31.8,968.426,997.057,0,4,ps
1778421275.5391023,2,34,1.162224,32.27,965.729,981.518,0,4,ps
1778421276.5806704,2,35,1.003889,30.99,1000.989,1022.495,0,4,ps
1778421277.6187463,2,36,1.26637,31.59,987.682,1002.529,0,4,ps
1778421278.6330261,2,37,1.214213,31.8,976.811,996.475,0,4,ps
1778421279.639197,2,38,0.952712,32.73,953.604,968.335,0,4,ps
1778421280.6517231,2,39,0.92625,32.33,960.841,978.877,0,4,ps
1778421281.6514845,2,40,1.152846,32.85,950.241,964.74,0,4,ps
1778421282.661187,2,41,1.68262,31.94,969.425,992.299,0,4,ps
1778421283.6671555,2,42,1.381998,32.41,957.622,978.143,0,4,ps
1778421284.713137,2,43,1.443715,31.09,998.379,1019.216,0,4,ps
1778421285.7320428,2,44,0.96303,31.86,976.131,994.8,0,4,ps
1778421286.7562551,2,45,1.377273,31.5,989.936,1005.412,0,4,ps
1778421287.8034863,2,46,1.077041,30.9,1008.149,1024.557,0,4,ps
1778421288.8184595,2,47,1.089723,32.34,960.524,979.945,0,4,ps
1778421289.8352773,2,48,1.366439,31.72,972.451,999.407,0,4,ps
1778421290.852042,2,49,1.171059,31.87,981.208,994.822,0,4,ps
1778421291.8664477,2,50,1.195347,32.17,969.614,984.299,0,4,ps
1778421292.8758233,2,51,1.130306,31.99,974.873,990.746,0,4,ps
1778421293.8940756,2,52,1.338374,31.68,978.314,1001.129,0,4,ps
1778421294.9038603,2,53,1.110177,32.25,961.237,981.532,0,4,ps
1778421295.9258082,2,54,0.931911,31.81,979.173,996.821,0,4,ps
1778421296.9459445,2,55,1.163903,32.06,971.41,987.696,0,4,ps
1778421297.9746783,2,56,1.443127,31.53,987.819,1005.033,0,4,ps
1778421298.9935532,2,57,1.112941,31.92,972.961,992.096,0,4,ps
1778421300.0302098,2,58,1.128165,31.12,991.536,1018.291,0,4,ps
1778421301.0445676,2,59,1.363062,31.98,975.572,991.446,0,4,ps
1778421302.0666387,2,60,1.058618,31.88,979.709,994.687,0,4,ps
1778421303.0654705,2,61,1.224204,32.73,953.43,967.717,0,4,ps
1778421304.0973375,2,62,1.257741,31.73,984.69,999.168,0,4,ps
1778421305.1217878,2,63,1.26602,31.81,981.639,996.762,0,4,ps
1778421306.134477,2,64,1.284466,31.86,978.005,994.483,0,4,ps
1778421307.1709738,2,65,1.170274,31.56,987.168,1003.691,0,4,ps
1778421308.1931992,2,66,1.048166,31.95,977.824,991.107,0,4,ps
1778421309.213451,2,67,1.097718,31.63,976.727,1001.655,0,4,ps
1778421310.2341938,2,68,1.146838,31.85,974.413,995.444,0,4,ps
1778421311.2505722,2,69,1.044233,31.92,967.444,993.47,0,4,ps
1778421312.2440794,2,70,1.02221,32.78,952.457,968.848,0,4,ps
1778421313.251558,2,71,1.422646,32.05,962.673,988.197,0,4,ps
1778421314.2650917,2,72,0.99356,32.14,967.629,986.408,0,4,ps
1778421315.2910712,2,73,1.456009,31.61,982.199,1001.801,0,4,ps
1778421316.307085,2,74,1.320085,31.99,974.099,991.119,0,4,ps
1778421317.3070426,2,75,1.128073,32.64,955.357,971.058,0,4,ps
1778421318.3267212,2,76,1.135368,31.98,975.899,990.533,0,4,ps
1778421319.3728845,2,77,1.262071,31.07,1004.165,1019.796,0,4,ps
1778421320.387992,2,78,1.202745,32.16,967.988,985.178,0,4,ps
1778421321.420471,2,79,1.280928,31.45,989.537,1006.904,0,4,ps
1778421322.4201999,2,80,0.84723,32.64,953.283,971.958,0,4,ps
1778421323.4306881,2,81,0.956742,31.94,970.707,991.593,0,4,ps
1778421324.4436626,2,82,1.182286,32.1,969.572,987.932,0,4,ps
1778421325.4653394,2,83,1.072166,31.91,974.651,993.682,0,4,ps
1778421326.474568,2,84,1.714685,32.03,958.55,988.608,0,4,ps
1778421327.4775429,2,85,0.825533,32.69,955.371,969.683,0,4,ps
1778421328.5035577,2,86,1.079442,31.46,986.24,1006.6,0,4,ps
1778421329.512394,2,87,1.198689,32.41,962.764,977.904,0,4,ps
1778421330.5159614,2,88,1.002001,32.19,967.427,984.781,0,4,ps
1778421331.5377731,2,89,1.162413,31.58,985.996,1003.834,0,4,ps
1778421332.5752573,2,90,1.050655,31.09,997.673,1018.519,0,4,ps
1778421333.5964925,2,91,0.910632,31.81,975.839,996.199,0,4,ps
1778421334.6515868,2,92,1.616808,30.57,1014.629,1036.487,0,4,ps
1778421335.6772592,2,93,1.402819,32.06,958.392,988.705,0,4,ps
1778421336.715218,2,94,1.157744,31.48,987.716,1007.542,0,4,ps
1778421337.752919,2,95,1.201957,31.25,983.041,1014.144,0,4,ps
1778421338.7906713,2,96,1.272237,31.5,987.448,1006.956,0,4,ps
1778421339.8192532,2,97,0.936112,31.77,981.734,997.11,0,4,ps
1778421340.834081,2,98,0.964795,31.81,980.877,996.443,0,4,ps
1778421341.8676813,2,99,0.920676,31.92,978.398,991.516,0,4,ps
1778421342.8963213,2,100,1.354186,31.58,983.066,1003.995,0,4,ps
1778421343.91773,2,101,1.483899,32.14,962.107,986.438,0,4,ps
1778421344.947263,2,102,1.14787,31.68,979.581,999.584,0,4,ps
1778421345.9719899,2,103,1.329038,31.66,980.701,1001.463,0,4,ps
1778421346.9939454,2,104,1.285129,31.57,987.478,1003.346,0,4,ps
1778421348.0235083,2,105,1.670702,31.74,975.351,998.016,0,4,ps
1778421349.0419717,2,106,1.322498,31.97,975.955,991.485,0,4,ps
1778421350.0493028,2,107,1.34605,32.41,961.967,978.264,0,4,ps
1778421351.0586095,2,108,0.931716,32.22,965.412,983.186,0,4,ps
1778421352.070019,2,109,1.29005,32.3,942.602,981.28,0,4,ps
1778421353.0941827,2,110,1.190264,31.67,968.883,1000.425,0,4,ps
1778421354.0988877,2,111,0.832881,32.33,963.812,980.421,0,4,ps
1778421355.111702,2,112,1.408454,32.3,961.156,981.48,0,4,ps
1778421356.1137855,2,113,1.376875,32.19,968.482,984.123,0,4,ps
1778421357.1371999,2,114,0.975483,32.0,976.008,992.041,0,4,ps
1778421358.1703894,2,115,1.159259,31.24,1001.039,1016.013,0,4,ps
1778421359.1837137,2,116,1.451292,31.85,979.431,994.954,0,4,ps
1778421360.1893048,2,117,1.307019,32.25,963.482,982.307,0,4,ps
1778421361.2053545,2,118,1.262477,32.12,969.861,986.086,0,4,ps
1778421362.22763,2,119,1.400616,31.54,984.547,1005.108,0,4,ps
1778421363.254374,2,120,1.1075,31.59,987.931,1002.673,0,4,ps
1778421364.2718055,2,121,1.05498,31.7,984.244,999.954,0,4,ps
1778421365.2894065,2,122,0.98688,31.87,974.229,994.718,0,4,ps
1778421366.2860909,2,123,1.068475,32.78,950.63,966.087,0,4,ps
1778421367.2843094,2,124,1.041368,32.55,958.972,973.82,0,4,ps
1778421368.302044,2,125,0.846629,31.74,976.11,999.229,0,4,ps
1778421369.3009799,2,126,1.420121,32.67,952.778,968.895,0,4,ps
1778421370.3160942,2,127,1.568182,32.03,969.992,989.218,0,4,ps
1778421371.3446102,2,128,1.059491,31.36,992.174,1009.779,0,4,ps
1778421372.372575,2,129,1.001706,31.87,980.484,992.833,0,4,ps
1778421373.409035,2,130,1.055594,31.45,983.019,1007.624,0,4,ps
1778421374.4235973,2,131,1.068568,31.82,973.827,996.078,0,4,ps
1778421375.4556303,2,132,1.164207,31.37,980.695,1009.593,0,4,ps
1778421376.4570138,2,133,0.833825,32.59,957.241,972.85,0,4,ps
1778421377.4701707,2,134,1.104882,32.44,961.463,976.923,0,4,ps
1778421378.482756,2,135,0.976707,31.87,970.902,994.126,0,4,ps
1778421379.4886467,2,136,1.366852,32.22,959.544,983.677,0,4,ps
1778421380.5112922,2,137,1.060507,31.54,986.894,1004.331,0,4,ps
1778421381.5520017,2,138,0.900918,31.0,1006.941,1023.234,0,4,ps
1778421382.5769374,2,139,1.330234,31.83,979.797,994.568,0,4,ps
1778421383.6010861,2,140,1.401637,31.7,981.154,999.878,0,4,ps
1778421384.6339982,2,141,1.262001,31.42,989.179,1009.186,0,4,ps
1778421385.6390514,2,142,0.990332,32.55,953.519,973.653,0,4,ps
1778421386.6632648,2,143,0.831203,32.11,973.042,985.755,0,4,ps
1778421387.6679454,2,144,1.129765,32.56,958.891,973.231,0,4,ps
1778421388.6776295,2,145,1.186321,32.45,960.568,976.481,0,4,ps
1778421389.6921906,2,146,1.357307,32.24,967.075,982.53,0,4,ps
1778421390.7146764,2,147,1.161389,31.66,976.393,1000.933,0,4,ps
1778421391.7398434,2,148,0.964218,31.74,978.478,997.809,0,4,ps
1778421392.7728941,2,149,1.151221,31.46,990.808,1006.549,0,4,ps
1778421393.7754405,2,150,1.023836,32.54,954.559,974.03,0,4,ps
1778421394.8409905,2,151,0.976666,30.74,1014.907,1030.411,0,4,ps
1778421395.8543615,2,152,1.245605,32.18,967.391,984.92,0,4,ps
1778421396.8774047,2,153,0.956332,31.82,973.362,996.542,0,4,ps
1778421397.8974004,2,154,1.119774,31.82,978.373,995.159,0,4,ps
1778421398.9124343,2,155,1.111953,32.24,970.422,982.598,0,4,ps
1778421399.9240675,2,156,1.394281,32.38,964.359,980.032,0,4,ps
1778421400.9592144,2,157,0.868046,31.17,995.324,1016.054,0,4,ps
1778421401.9901545,2,158,1.236234,31.55,984.912,1004.882,0,4,ps
1778421403.0193057,2,159,0.99862,31.76,982.922,998.089,0,4,ps
1778421404.030204,2,160,0.787144,32.25,966.498,982.648,0,4,ps
1778421405.059151,2,161,1.162253,31.71,982.417,1000.153,0,4,ps
1778421406.059797,2,162,1.244179,32.6,955.944,971.583,0,4,ps
1778421407.0695283,2,163,1.213042,31.95,976.795,991.835,0,4,ps
1778421408.0933921,2,164,1.224161,31.52,987.864,1006.097,0,4,ps
1778421409.0910559,2,165,1.019288,32.62,956.762,971.896,0,4,ps
1778421410.1151297,2,166,0.851217,32.32,960.65,979.573,0,4,ps
1778421411.1380363,2,167,1.166895,31.75,980.308,999.313,0,4,ps
1778421412.1647751,2,168,0.796874,31.54,988.387,1004.027,0,4,ps
1778421413.1911166,2,169,0.967463,31.72,983.573,999.162,0,4,ps
1778421414.1907241,2,170,1.331351,32.77,950.107,966.838,0,4,ps
1778421415.2004488,2,171,0.864681,31.96,964.671,991.66,0,4,ps
1778421416.2036016,2,172,0.979365,32.34,963.477,980.197,0,4,ps
1778421417.2223437,2,173,1.542905,31.86,975.303,995.224,0,4,ps
1778421418.2384114,2,174,1.282514,32.0,972.169,989.929,0,4,ps
1778421419.2525487,2,175,1.409049,31.92,973.278,993.292,0,4,ps
1778421420.2758634,2,176,1.144978,31.69,985.548,1000.663,0,4,ps
1778421421.3003626,2,177,1.176547,31.49,981.104,1006.204,0,4,ps
1778421422.338861,2,178,0.958798,31.07,995.863,1019.604,0,4,ps
1778421423.3532712,2,179,0.844054,32.02,971.224,989.331,0,4,ps
1778421424.3757885,2,180,0.982718,31.91,976.529,992.374,0,4,ps
1778421425.3902628,2,181,0.970514,32.39,953.684,977.918,0,4,ps
1778421426.4092596,2,182,0.939399,32.16,972.006,985.362,0,4,ps
1778421427.4194095,2,183,1.117687,32.08,961.173,988.072,0,4,ps
1778421428.4184837,2,184,0.840672,32.55,959.36,974.101,0,4,ps
1778421429.4380364,2,185,0.764302,31.87,975.255,993.555,0,4,ps
1778421430.4444613,2,186,0.984509,32.57,960.132,973.119,0,4,ps
1778421431.4554017,2,187,1.033702,32.09,966.276,987.979,0,4,ps
1778421432.463074,2,188,1.50809,32.01,974.058,989.49,0,4,ps
1778421433.4686074,2,189,1.432594,32.66,954.672,970.181,0,4,ps
1778421434.4815335,2,190,1.044415,32.18,969.029,985.363,0,4,ps
1778421435.480908,2,191,1.030614,33.05,944.433,958.25,0,4,ps
1778421436.522364,2,192,1.239047,31.0,996.025,1022.126,0,4,ps
1778421437.5432832,2,193,1.460481,31.8,968.701,996.142,0,4,ps
1778421438.5648217,2,194,1.010631,31.75,982.067,997.611,0,4,ps
1778421439.5956569,2,195,0.977311,31.89,977.169,993.181,0,4,ps
1778421440.595511,2,196,0.974506,32.69,951.837,969.431,0,4,ps
1778421441.603315,2,197,0.853816,32.56,946.655,972.729,0,4,ps
1778421442.6208563,2,198,1.274318,32.0,970.351,990.728,0,4,ps
1778421443.6333654,2,199,0.820205,31.89,968.09,993.739,0,4,ps
1778421444.6687224,2,200,0.996947,31.53,990.319,1005.718,0,4,ps
1778421445.676831,2,201,1.266364,32.66,952.289,969.423,0,4,ps
1778421446.6882544,2,202,0.802222,32.28,960.818,981.427,0,4,ps
1778421447.7169,2,203,1.028813,31.39,991.492,1009.197,0,4,ps
1778421448.7539475,2,204,0.956626,31.21,999.096,1014.515,0,4,ps
1778421449.762571,2,205,1.075744,32.38,964.0,978.891,0,4,ps
1778421450.7804134,2,206,1.062314,31.88,976.621,994.021,0,4,ps
1778421451.7876532,2,207,1.053799,32.43,960.159,977.391,0,4,ps
1778421452.8039083,2,208,0.75141,32.03,973.606,989.519,0,4,ps
1778421453.8015025,2,209,1.068968,32.63,954.134,971.188,0,4,ps
1778421454.848951,2,210,1.055269,31.24,999.418,1013.983,0,4,ps
1778421455.870332,2,211,1.003956,31.82,977.38,997.017,0,4,ps
1778421456.8960297,2,212,1.077,31.64,980.538,1002.155,0,4,ps
1778421457.9152431,2,213,1.081236,31.92,977.74,992.331,0,4,ps
1778421458.9524572,2,214,1.324586,31.49,987.081,1006.284,0,4,ps
1778421459.9774048,2,215,1.226887,31.85,979.422,994.974,0,4,ps
1778421460.9852288,2,216,1.088946,32.24,960.704,983.208,0,4,ps
1778421462.0060704,2,217,1.465094,32.09,971.751,987.938,0,4,ps
1778421463.0077426,2,218,0.984835,32.42,957.85,976.905,0,4,ps
1778421464.033246,2,219,0.971491,31.56,987.698,1004.628,0,4,ps
1778421465.052029,2,220,0.833053,32.23,967.907,982.828,0,4,ps
1778421466.0670643,2,221,1.278539,31.78,970.722,997.576,0,4,ps
1778421467.0661187,2,222,1.262752,32.92,950.161,962.695,0,4,ps
1778421468.1070619,2,223,0.808119,31.5,989.8,1005.822,0,4,ps
1778421469.1456869,2,224,0.879812,31.06,1003.789,1019.146,0,4,ps
1778421470.1664653,2,225,1.39992,31.59,984.4,1002.866,0,4,ps
1778421471.1772616,2,226,1.330197,32.18,959.9,984.759,0,4,ps
1778421472.1883144,2,227,0.862404,32.22,964.481,983.644,0,4,ps
1778421473.1933095,2,228,1.29523,32.51,958.989,975.225,0,4,ps
1778421474.1917195,2,229,1.311247,32.32,957.499,980.841,0,4,ps
1778421475.2032952,2,230,0.940501,32.12,964.346,986.222,0,4,ps
1778421476.2054799,2,231,1.186259,32.57,954.945,973.293,0,4,ps
1778421477.222618,2,232,1.213728,31.88,978.215,994.478,0,4,ps
1778421478.2337332,2,233,1.092301,32.17,966.671,985.506,0,4,ps
1778421479.237474,2,234,1.578089,32.71,946.899,968.068,0,4,ps
1778421480.2401688,2,235,1.10649,32.58,957.798,973.9,0,4,ps
1778421481.2544305,2,236,1.232177,31.83,971.61,995.48,0,4,ps
1778421482.2714558,2,237,0.997406,32.25,965.718,982.44,0,4,ps
1778421483.2799387,2,238,1.178164,32.36,961.442,979.779,0,4,ps
1778421484.293891,2,239,1.270664,32.04,972.541,988.832,0,4,ps
1778421485.3231597,2,240,0.932977,31.73,983.644,997.837,0,4,ps
1778421486.3405237,2,241,1.030855,32.21,967.296,983.086,0,4,ps
1778421487.3542109,2,242,1.075304,32.02,968.488,989.441,0,4,ps
1778421488.3646207,2,243,0.738928,32.31,966.818,980.421,0,4,ps
1778421489.3888285,2,244,0.612134,31.49,991.701,1006.614,0,4,ps
1778421490.4094176,2,245,0.788477,32.18,968.242,984.752,0,4,ps
1778421491.4191923,2,246,1.305939,32.39,959.839,978.013,0,4,ps
1778421492.4345367,2,247,0.869301,32.01,971.128,990.337,0,4,ps
1778421493.4498644,2,248,1.09462,31.86,979.003,994.059,0,4,ps
1778421494.4564176,2,249,1.064551,32.34,964.56,980.037,0,4,ps
1778421495.4600608,2,250,1.331292,32.84,945.341,965.238,0,4,ps
1778421496.481005,2,251,0.951496,32.02,974.864,990.181,0,4,ps
1778421497.4939952,2,252,1.021432,31.85,979.665,994.64,0,4,ps
1778421498.5204542,2,253,1.111071,31.45,982.451,1007.002,0,4,ps
1778421499.5600538,2,254,0.932008,31.3,990.544,1011.395,0,4,ps
1778421500.5695384,2,255,1.099081,32.39,958.541,977.826,0,4,ps
1778421501.5642192,2,256,1.20081,32.83,948.796,965.367,0,4,ps
1778421502.5762684,2,257,1.018024,32.13,970.165,985.97,0,4,ps
1778421503.590993,2,258,0.941902,32.21,970.382,983.968,0,4,ps
1778421504.6069062,2,259,0.955732,32.01,965.0,990.735,0,4,ps
1778421505.628408,2,260,0.95334,31.78,981.788,997.707,0,4,ps
1778421506.6304398,2,261,1.266735,32.69,955.236,969.521,0,4,ps
1778421507.6422443,2,262,1.42549,32.37,961.965,978.294,0,4,ps
1778421508.6551611,2,263,1.188705,32.08,961.982,988.256,0,4,ps
1778421509.6740947,2,264,1.208873,31.95,971.167,992.24,0,4,ps
1778421510.6775563,2,265,0.671168,32.65,950.477,969.967,0,4,ps
1778421511.6954074,2,266,1.185029,32.2,969.483,983.784,0,4,ps
1778421512.723622,2,267,0.810074,31.68,981.522,999.293,0,4,ps
1778421513.7554972,2,268,0.786448,31.66,983.607,1000.814,0,4,ps
1778421514.794778,2,269,0.808214,31.05,1001.134,1020.636,0,4,ps
1778421515.8016229,2,270,1.073908,32.51,948.083,974.961,0,4,ps
1778421516.8188882,2,271,0.844917,31.83,975.075,994.693,0,4,ps
1778421517.81816,2,272,0.979775,32.64,954.729,970.768,0,4,ps
1778421518.8253684,2,273,1.12105,32.27,967.276,982.491,0,4,ps
1778421519.8286662,2,274,1.072031,32.55,958.181,974.038,0,4,ps
1778421520.8422017,2,275,1.161307,31.98,972.932,990.185,0,4,ps
1778421521.8627498,2,276,0.979965,31.83,977.394,995.784,0,4,ps
1778421522.8686054,2,277,1.214928,32.56,959.554,972.841,0,4,ps
1778421523.8969114,2,278,0.679447,31.72,972.593,997.93,0,4,ps
1778421524.9697683,2,279,1.010218,30.61,1014.931,1032.996,0,4,ps
1778421525.9729376,2,280,1.683796,32.73,955.779,968.313,0,4,ps
1778421526.9960632,2,281,0.807371,31.76,978.413,998.65,0,4,ps
1778421528.039624,2,282,0.909956,31.27,993.463,1012.469,0,4,ps
1778421529.0634966,2,283,1.264011,31.93,974.665,992.239,0,4,ps
1778421530.094575,2,284,1.272899,31.59,982.084,1002.272,0,4,ps
1778421531.1395516,2,285,1.042324,31.03,997.233,1020.559,0,4,ps
1778421532.1500888,2,286,1.112716,32.47,958.261,975.863,0,4,ps
1778421533.167437,2,287,0.840878,32.02,971.843,989.495,0,4,ps
1778421534.1726105,2,288,0.73685,32.36,964.546,979.535,0,4,ps
1778421535.1701286,2,289,1.515633,32.73,952.042,967.915,0,4,ps
1778421536.184729,2,290,0.726428,31.79,970.614,997.213,0,4,ps
1778421537.2043402,2,291,1.112326,31.64,985.043,1001.828,0,4,ps
1778421538.2097244,2,292,0.820249,32.33,964.816,979.309,0,4,ps
1778421539.218812,2,293,1.149526,32.17,964.237,985.331,0,4,ps
1778421540.2307928,2,294,1.252287,32.31,959.168,979.943,0,4,ps
1778421541.236296,2,295,1.128304,32.25,962.966,982.674,0,4,ps
1778421542.250231,2,296,1.069557,32.32,963.626,981.039,0,4,ps
1778421543.279143,2,297,1.103088,31.34,992.889,1011.533,0,4,ps
1778421544.3296924,2,298,1.049868,30.96,1005.747,1023.07,0,4,ps
1778421545.3453014,2,299,1.051912,32.22,969.527,983.712,0,4,ps
1778421546.385243,2,300,1.083283,31.46,990.02,1006.86,0,4,ps
1778421547.4134781,2,301,0.997887,31.42,986.766,1009.296,0,4,ps
1778421548.4266818,2,302,1.295976,32.52,961.232,973.951,0,4,ps
1778421549.4422116,2,303,1.020384,31.75,971.771,998.206,0,4,ps
1778421550.457083,2,304,1.156893,31.97,971.947,992.029,0,4,ps
1778421551.459517,2,305,1.00534,32.19,964.707,984.117,0,4,ps
1778421552.4953277,2,306,1.227785,31.52,989.664,1004.611,0,4,ps
1778421553.5158837,2,307,0.874568,32.09,969.365,986.354,0,4,ps
1778421554.5390196,2,308,1.170026,31.74,981.032,998.69,0,4,ps
1778421555.5545828,2,309,1.034206,32.26,959.309,982.217,0,4,ps
1778421556.5643423,2,310,1.102119,32.33,960.914,980.403,0,4,ps
1778421557.583915,2,311,1.219011,32.09,971.065,987.151,0,4,ps
1778421558.6257832,2,312,1.203504,31.16,1002.708,1017.613,0,4,ps
1778421559.6531804,2,313,1.20336,31.4,993.456,1009.831,0,4,ps
1778421560.6835651,2,314,1.203365,31.32,997.003,1012.383,0,4,ps
1778421561.7112112,2,315,1.242447,31.86,979.692,994.36,0,4,ps
1778421562.7457323,2,316,0.92628,31.41,986.305,1008.631,0,4,ps
1778421563.7528923,2,317,1.509229,32.45,961.66,976.669,0,4,ps
1778421564.776465,2,318,1.141996,31.52,986.02,1005.847,0,4,ps
1778421565.7919414,2,319,0.940225,32.27,964.507,981.417,0,4,ps
1778421566.8135045,2,320,0.991873,31.59,967.962,1003.835,0,4,ps
1778421567.8250704,2,321,1.277007,32.31,962.148,981.206,0,4,ps
1778421568.8377783,2,322,1.166089,32.03,968.415,989.906,0,4,ps
1778421569.840092,2,323,0.856316,32.61,955.395,971.97,0,4,ps
1778421570.848775,2,324,1.017958,32.45,962.161,975.913,0,4,ps
1778421571.870844,2,325,1.209784,31.57,988.207,1003.722,0,4,ps
1778421572.8963106,2,326,0.772055,31.83,980.918,994.945,0,4,ps
1778421573.9254038,2,327,0.965963,32.02,972.515,988.88,0,4,ps
1778421574.9837039,2,328,0.874508,30.75,1008.694,1031.211,0,4,ps
1778421576.002778,2,329,0.936886,31.87,963.313,994.355,0,4,ps
1778421577.0358326,2,330,0.942513,31.22,993.106,1015.89,0,4,ps
1778421578.0375845,2,331,1.165661,32.69,947.292,969.164,0,4,ps
1778421579.1308649,2,332,0.9738,30.07,1036.243,1054.227,0,4,ps
1778421580.1889758,2,333,0.953569,30.95,1006.44,1024.043,0,4,ps
1778421581.217001,2,334,0.840527,31.55,980.545,1004.453,0,4,ps
1778421582.2475739,2,335,1.046084,31.47,987.355,1007.394,0,4,ps
1778421583.2673585,2,336,0.800232,31.85,968.765,994.286,0,4,ps
1778421584.3056264,2,337,1.026766,31.47,986.666,1006.093,0,4,ps
1778421585.33562,2,338,1.231388,31.8,978.612,996.155,0,4,ps
1778421586.3566585,2,339,1.331695,31.63,979.774,1002.114,0,4,ps
1778421587.3847518,2,340,0.898138,31.77,976.249,998.278,0,4,ps
1778421588.4137037,2,341,0.922866,31.43,978.988,1007.942,0,4,ps
1778421589.4394135,2,342,1.389975,31.92,977.125,993.602,0,4,ps
1778421590.4588766,2,343,0.939782,31.71,976.839,1000.071,0,4,ps
1778421591.4853122,2,344,1.042063,31.76,980.068,997.18,0,4,ps
1778421592.5183933,2,345,0.934081,31.22,997.0,1013.978,0,4,ps
1778421593.541609,2,346,1.176372,31.72,976.277,999.048,0,4,ps
1778421594.5789568,2,347,1.395774,31.11,998.245,1019.606,0,4,ps
1778421595.6033566,2,348,1.291174,32.18,961.081,985.13,0,4,ps
1778421596.60908,2,349,0.92817,32.51,958.909,974.471,0,4,ps
1778421597.6448073,2,350,1.102713,31.31,993.961,1013.005,0,4,ps
1778421598.6631033,2,351,1.102436,31.71,983.395,999.499,0,4,ps
1778421599.677423,2,352,0.799163,32.11,969.982,986.1,0,4,ps
1778421600.71438,2,353,0.70084,31.2,999.089,1014.284,0,4,ps
1778421601.745106,2,354,1.172194,31.61,979.005,1002.659,0,4,ps
1778421602.7664428,2,355,0.95087,31.6,983.086,1003.362,0,4,ps
1778421603.784213,2,356,1.162493,31.72,976.952,999.681,0,4,ps
1778421604.849804,2,357,1.200467,30.74,1014.004,1031.768,0,4,ps
1778421605.8599868,2,358,1.187171,31.96,965.129,991.101,0,4,ps
1778421606.8893452,2,359,1.189821,31.86,974.966,992.331,0,4,ps
1778421607.8990645,2,360,0.654936,32.18,965.36,984.368,0,4,ps
1778421608.9409213,2,361,1.149559,31.0,996.501,1021.861,0,4,ps
1778421609.945815,2,362,0.808869,32.61,956.587,971.908,0,4,ps
1778421610.9661229,2,363,1.152552,32.08,970.773,987.245,0,4,ps
1778421611.979116,2,364,1.37675,31.87,968.715,994.674,0,4,ps
1778421612.9892414,2,365,0.790253,31.99,964.903,990.021,0,4,ps
1778421614.0053005,2,366,1.004518,32.08,972.721,988.035,0,4,ps
1778421615.0674014,2,367,1.089291,31.04,991.484,1021.002,0,4,ps
1778421616.100411,2,368,1.382851,31.24,996.04,1013.86,0,4,ps
1778421617.140969,2,369,0.831991,31.01,1005.003,1021.866,0,4,ps
1778421618.160495,2,370,1.095222,31.98,967.032,990.633,0,4,ps
1778421619.165926,2,371,1.060358,32.45,954.647,976.636,0,4,ps
1778421620.1734028,2,372,0.797884,32.02,965.864,989.461,0,4,ps
1778421621.1740625,2,373,0.933713,32.25,953.185,983.02,0,4,ps
1778421622.177894,2,374,0.733386,32.41,961.207,976.571,0,4,ps
1778421623.175879,2,375,0.999104,32.78,947.433,966.836,0,4,ps
1778421624.1731515,2,376,1.0366,32.6,955.368,971.107,0,4,ps
1778421625.1864347,2,377,0.870952,32.05,971.849,988.757,0,4,ps
1778421626.2166576,2,378,0.909149,31.71,983.388,1000.415,0,4,ps
1778421627.2073495,2,379,1.050057,33.05,944.592,958.09,0,4,ps
1778421628.217363,2,380,1.108175,32.33,965.024,980.225,0,4,ps
1778421629.2297292,2,381,1.61702,32.06,965.872,987.518,0,4,ps
1778421630.248733,2,382,0.60577,32.09,972.822,987.024,0,4,ps
1778421631.257187,2,383,1.237023,32.21,966.849,982.42,0,4,ps
1778421632.2845018,2,384,1.014807,31.6,979.643,1002.398,0,4,ps
1778421633.288852,2,385,0.826834,32.48,956.613,974.742,0,4,ps
1778421634.287227,2,386,1.226028,32.53,955.617,973.57,0,4,ps
1778421635.3174915,2,387,0.589893,31.3,986.549,1011.138,0,4,ps
1778421636.3475723,2,388,1.153665,31.63,985.749,1002.212,0,4,ps
1778421637.3448179,2,389,0.920912,32.75,950.602,967.603,0,4,ps
1778421638.3469906,2,390,0.869297,20.42,956.552,969.207,0,4,ps
1778421642.2903988,3,0,1.241318,32.96,938.427,963.591,0,4,ps
1778421643.2965379,3,1,1.060009,32.16,969.513,985.127,0,4,ps
1778421644.3309374,3,2,0.916005,31.59,984.761,1002.409,0,4,ps
1778421645.340326,3,3,0.849874,32.57,959.704,973.121,0,4,ps
1778421646.3481016,3,4,0.909941,32.32,964.976,980.734,0,4,ps
1778421647.3537908,3,5,0.760536,32.1,970.623,986.46,0,4,ps
1778421648.3632305,3,6,0.715983,32.71,955.806,968.976,0,4,ps
1778421649.3781166,3,7,0.830157,31.99,964.615,992.869,0,4,ps
1778421650.3948884,3,8,1.001897,32.1,954.193,986.788,0,4,ps
1778421651.4058163,3,9,1.166912,32.27,957.959,982.382,0,4,ps
1778421652.415988,3,10,1.040957,32.35,964.195,979.655,0,4,ps
1778421653.4222186,3,11,1.160195,32.3,961.857,981.286,0,4,ps
1778421654.420712,3,12,1.104028,32.92,949.071,961.414,0,4,ps
1778421655.425874,3,13,1.011806,32.52,958.603,974.731,0,4,ps
1778421656.4288852,3,14,1.139513,32.69,955.671,969.8,0,4,ps
1778421657.4351976,3,15,0.681084,32.51,960.608,973.6,0,4,ps
1778421658.4554877,3,16,1.220252,31.94,971.398,990.806,0,4,ps
1778421659.4674656,3,17,0.833899,32.34,962.905,978.807,0,4,ps
1778421660.4878814,3,18,0.942235,31.82,978.502,995.243,0,4,ps
1778421661.4930189,3,19,1.217792,32.52,957.637,974.082,0,4,ps
1778421662.5014348,3,20,1.011077,32.66,957.311,970.312,0,4,ps
1778421663.4964273,3,21,0.720763,32.69,951.432,969.375,0,4,ps
1778421664.5101469,3,22,0.889992,31.83,980.562,995.475,0,4,ps
1778421665.5247355,3,23,1.252813,32.42,959.958,977.144,0,4,ps
1778421666.5242877,3,24,0.925375,32.7,952.41,968.586,0,4,ps
1778421667.512303,3,25,0.914086,33.11,938.195,957.16,0,4,ps
1778421668.5197625,3,26,0.811603,32.34,959.57,979.7,0,4,ps
1778421669.5208735,3,27,0.83216,32.52,960.512,974.201,0,4,ps
1778421670.5537145,3,28,1.131539,31.71,983.447,998.899,0,4,ps
1778421671.5931797,3,29,0.811795,31.04,993.317,1021.243,0,4,ps
1778421672.6148465,3,30,0.638446,31.57,979.816,1004.629,0,4,ps
1778421673.6356316,3,31,1.016299,31.57,975.999,1003.562,0,4,ps
1778421674.6805255,3,32,0.631386,30.89,1001.8,1025.077,0,4,ps
1778421675.694306,3,33,0.870697,32.32,962.109,980.395,0,4,ps
1778421676.7107399,3,34,0.574923,31.75,973.555,998.336,0,4,ps
1778421677.7421834,3,35,0.976041,31.44,982.376,1008.089,0,4,ps
1778421678.807616,3,36,1.297606,30.27,1030.754,1048.083,0,4,ps
1778421679.8512433,3,37,0.998266,31.41,987.564,1009.111,0,4,ps
1778421680.8782792,3,38,0.996607,31.42,967.724,1007.605,0,4,ps
1778421681.905813,3,39,1.000286,31.73,979.694,998.036,0,4,ps
1778421682.9298298,3,40,1.04414,31.53,988.647,1005.144,0,4,ps
1778421683.9451506,3,41,1.006446,32.23,965.837,983.456,0,4,ps
1778421685.0100546,3,42,0.938526,30.84,1011.546,1028.818,0,4,ps
1778421686.0417597,3,43,0.958229,31.3,997.11,1013.587,0,4,ps
1778421687.066409,3,44,0.858227,31.75,979.644,997.063,0,4,ps
1778421688.106442,3,45,1.052742,31.02,1001.875,1020.658,0,4,ps
1778421689.160756,3,46,0.914395,30.78,1007.385,1030.194,0,4,ps
1778421690.1617002,3,47,1.064443,32.23,960.415,983.525,0,4,ps
1778421691.1785595,3,48,0.872958,31.93,973.117,992.051,0,4,ps
1778421692.189537,3,49,1.14758,32.61,955.577,971.684,0,4,ps
1778421693.2272801,3,50,1.146769,31.09,996.717,1020.1,0,4,ps
1778421694.2590663,3,51,1.040931,32.06,971.878,987.669,0,4,ps
1778421695.2783887,3,52,0.867861,31.65,984.221,1000.585,0,4,ps
1778421696.2760627,3,53,1.156197,32.42,961.795,977.309,0,4,ps
1778421697.2961364,3,54,1.089121,32.0,974.369,990.168,0,4,ps
1778421698.3000815,3,55,0.566479,32.14,960.915,985.968,0,4,ps
1778421699.3022997,3,56,0.701916,32.58,956.241,972.601,0,4,ps
1778421700.3181129,3,57,1.055002,31.78,972.23,996.822,0,4,ps
1778421701.3263605,3,58,1.382883,32.59,958.722,972.644,0,4,ps
1778421702.3392484,3,59,0.70156,32.39,954.998,977.934,0,4,ps
1778421703.331542,3,60,0.824849,32.77,946.799,967.603,0,4,ps
1778421704.340055,3,61,0.542603,32.38,962.687,977.788,0,4,ps
1778421705.3428292,3,62,0.735357,32.73,944.571,968.505,0,4,ps
1778421706.3374567,3,63,0.915824,32.57,951.734,973.181,0,4,ps
1778421707.3429859,3,64,0.933383,32.52,958.162,973.448,0,4,ps
1778421708.3437161,3,65,0.900276,32.36,959.579,979.489,0,4,ps
1778421709.3472254,3,66,1.13024,32.38,960.539,978.112,0,4,ps
1778421710.3599331,3,67,0.90662,31.86,975.386,994.698,0,4,ps
1778421711.358862,3,68,1.001478,32.79,953.201,966.903,0,4,ps
1778421712.3594751,3,69,0.967764,32.62,957.46,970.565,0,4,ps
1778421713.3542612,3,70,0.98329,32.81,945.601,965.687,0,4,ps
1778421714.3614686,3,71,0.968027,32.43,963.789,977.252,0,4,ps
1778421715.3674188,3,72,0.733506,32.08,965.969,986.914,0,4,ps
1778421716.3651116,3,73,0.904539,32.33,957.341,980.506,0,4,ps
1778421717.3631806,3,74,0.932456,32.34,957.643,980.332,0,4,ps
1778421718.3555007,3,75,0.89304,32.77,948.411,966.46,0,4,ps
1778421719.3566484,3,76,1.037258,32.23,963.996,983.51,0,4,ps
1778421720.368491,3,77,0.569715,32.47,962.985,976.281,0,4,ps
1778421721.3724885,3,78,0.887179,32.75,951.743,966.879,0,4,ps
1778421722.3795574,3,79,1.058574,32.37,954.344,979.245,0,4,ps
1778421723.3812501,3,80,1.068921,32.22,964.095,983.707,0,4,ps
1778421724.3883238,3,81,0.834663,32.21,967.596,983.487,0,4,ps
1778421725.3836045,3,82,0.740119,32.63,956.032,971.494,0,4,ps
1778421726.3842027,3,83,0.628926,32.88,950.956,964.089,0,4,ps
1778421727.3859336,3,84,0.85712,32.69,952.651,969.105,0,4,ps
1778421728.3875086,3,85,0.57846,32.24,968.44,983.38,0,4,ps
1778421729.3847542,3,86,0.890325,32.59,957.145,972.542,0,4,ps
1778421730.382079,3,87,0.974494,32.55,954.849,972.723,0,4,ps
1778421731.3901002,3,88,0.82044,32.67,955.919,969.715,0,4,ps
1778421732.3916373,3,89,0.794,32.5,961.237,975.342,0,4,ps
1778421733.3884065,3,90,0.956709,32.32,964.824,980.459,0,4,ps
1778421734.3959005,3,91,1.046162,32.02,967.525,989.858,0,4,ps
1778421735.4054718,3,92,1.291935,31.96,974.329,991.88,0,4,ps
1778421736.4063203,3,93,1.2047,32.61,955.899,972.068,0,4,ps
1778421737.4054828,3,94,0.912652,32.31,957.461,981.296,0,4,ps
1778421738.4069934,3,95,0.909371,32.33,950.546,979.145,0,4,ps
1778421739.4244308,3,96,0.969458,32.24,953.162,982.081,0,4,ps
1778421740.4395747,3,97,0.995132,32.29,969.029,981.306,0,4,ps
1778421741.4628665,3,98,1.112719,31.95,973.873,991.131,0,4,ps
1778421742.4607165,3,99,0.735523,32.54,950.768,973.38,0,4,ps
1778421743.4629169,3,100,0.905399,32.47,958.252,974.975,0,4,ps
1778421744.4787726,3,101,1.140871,31.78,979.218,996.582,0,4,ps
1778421745.4871757,3,102,1.050632,32.01,971.55,989.477,0,4,ps
1778421746.4920523,3,103,0.90565,32.57,955.55,972.258,0,4,ps
1778421747.519643,3,104,0.68846,31.68,974.205,999.786,0,4,ps
1778421748.5184577,3,105,0.936293,32.31,959.95,981.107,0,4,ps
1778421749.5203993,3,106,0.939514,32.21,967.471,984.356,0,4,ps
1778421750.5267687,3,107,0.740306,32.05,973.467,989.206,0,4,ps
1778421751.5150664,3,108,0.882161,32.91,944.637,963.498,0,4,ps
1778421752.5134215,3,109,0.533361,33.21,940.051,954.424,0,4,ps
1778421753.5146406,3,110,0.79486,32.48,960.202,975.315,0,4,ps
1778421754.514473,3,111,0.942383,32.27,958.403,982.235,0,4,ps
1778421755.517335,3,112,0.910225,32.19,961.704,984.705,0,4,ps
1778421756.5144606,3,113,0.713773,32.6,952.924,971.245,0,4,ps
1778421757.5214474,3,114,0.792432,32.25,967.867,982.853,0,4,ps
1778421758.5199249,3,115,0.741497,32.32,964.671,979.58,0,4,ps
1778421759.5226302,3,116,1.146496,32.35,964.761,979.805,0,4,ps
1778421760.524684,3,117,1.055137,32.21,967.44,983.879,0,4,ps
1778421761.522348,3,118,0.860999,32.91,939.791,964.32,0,4,ps
1778421762.540134,3,119,0.876149,31.91,975.902,992.758,0,4,ps
1778421763.5400274,3,120,0.741546,32.21,966.219,984.914,0,4,ps
1778421764.5504022,3,121,1.301135,31.94,970.337,992.889,0,4,ps
1778421765.5518262,3,122,0.505076,32.64,955.605,970.715,0,4,ps
1778421766.5544367,3,123,0.795372,32.17,967.31,984.519,0,4,ps
1778421767.559953,3,124,1.089993,32.08,970.123,987.914,0,4,ps
1778421768.5736594,3,125,1.288604,31.81,973.094,996.748,0,4,ps
1778421769.5828326,3,126,0.816898,32.4,959.095,978.113,0,4,ps
1778421770.5856426,3,127,0.872587,32.45,961.337,976.927,0,4,ps
1778421771.589572,3,128,1.392692,32.71,955.888,968.818,0,4,ps
1778421772.595262,3,129,1.29296,32.53,961.695,974.271,0,4,ps
1778421773.5967212,3,130,0.841296,32.23,959.507,983.509,0,4,ps
1778421774.6043327,3,131,1.000116,32.36,964.067,978.214,0,4,ps
1778421775.6238995,3,132,1.279764,31.99,970.755,990.183,0,4,ps
1778421776.6440713,3,133,0.801811,31.61,982.569,1001.613,0,4,ps
1778421777.6492906,3,134,1.057502,32.59,957.23,971.682,0,4,ps
1778421778.6682365,3,135,1.000705,31.67,978.048,1000.293,0,4,ps
1778421779.6967373,3,136,0.616012,31.39,995.844,1008.93,0,4,ps
1778421780.713162,3,137,0.699999,32.08,972.009,987.663,0,4,ps
1778421781.7195332,3,138,0.902164,32.52,954.121,974.575,0,4,ps
1778421782.7267878,3,139,0.874838,32.54,959.499,973.019,0,4,ps
1778421783.741717,3,140,0.668584,32.17,971.988,985.367,0,4,ps
1778421784.7443745,3,141,1.039952,32.2,954.665,985.396,0,4,ps
1778421785.7461584,3,142,0.837169,32.83,945.489,964.668,0,4,ps
1778421786.8154662,3,143,0.777317,30.16,1028.441,1051.304,0,4,ps
1778421787.8969963,3,144,1.065283,30.27,1023.928,1046.56,0,4,ps
1778421788.9327755,3,145,0.713932,31.45,991.568,1007.834,0,4,ps
1778421789.942226,3,146,1.10581,31.97,973.382,992.097,0,4,ps
1778421790.9548812,3,147,0.971504,32.14,966.299,985.438,0,4,ps
1778421791.9713256,3,148,0.751601,32.13,970.595,986.858,0,4,ps
1778421792.9724913,3,149,0.700652,32.49,953.725,975.98,0,4,ps
1778421794.0070024,3,150,0.879035,31.43,989.818,1007.897,0,4,ps
1778421795.07264,3,151,1.105781,30.27,1020.396,1045.842,0,4,ps
1778421796.086009,3,152,0.989047,32.14,966.44,985.664,0,4,ps
1778421797.1013982,3,153,0.911011,32.24,963.709,982.905,0,4,ps
1778421798.1071296,3,154,1.194698,32.57,957.935,973.306,0,4,ps
1778421799.1118202,3,155,0.956248,32.34,956.902,980.145,0,4,ps
1778421800.141018,3,156,0.882988,31.92,975.432,992.073,0,4,ps
1778421801.144795,3,157,0.752962,32.48,956.921,976.128,0,4,ps
1778421802.1569686,3,158,1.186714,31.88,970.497,994.916,0,4,ps
1778421803.1745272,3,159,1.156639,32.12,972.267,985.989,0,4,ps
1778421804.1931088,3,160,0.628466,31.79,979.678,997.251,0,4,ps
1778421805.221662,3,161,0.973002,31.39,992.193,1010.191,0,4,ps
1778421806.2386885,3,162,0.991596,31.71,971.454,999.251,0,4,ps
1778421807.2702324,3,163,1.013761,31.5,990.539,1005.328,0,4,ps
1778421808.2788439,3,164,1.031423,32.59,957.946,972.253,0,4,ps
1778421809.3048851,3,165,0.928901,31.67,980.637,1000.287,0,4,ps
1778421810.298431,3,166,0.713775,32.65,952.189,970.908,0,4,ps
1778421811.306031,3,167,0.953303,32.5,959.827,974.446,0,4,ps
1778421812.3221934,3,168,0.926951,31.76,982.553,998.231,0,4,ps
1778421813.3427725,3,169,0.73144,31.87,969.155,994.597,0,4,ps
1778421814.350701,3,170,0.74674,32.25,963.823,982.178,0,4,ps
1778421815.3912983,3,171,1.092637,31.0,1004.865,1022.597,0,4,ps
1778421816.3895276,3,172,1.181112,32.55,952.642,972.899,0,4,ps
1778421817.4051769,3,173,0.89776,31.77,978.7,996.982,0,4,ps
1778421818.421358,3,174,0.622448,32.27,965.146,980.812,0,4,ps
1778421819.4517388,3,175,0.864698,31.63,987.309,1001.409,0,4,ps
1778421820.4528887,3,176,0.74375,32.44,959.206,976.576,0,4,ps
1778421821.467762,3,177,1.233735,31.96,975.789,991.478,0,4,ps
1778421822.4815564,3,178,0.997795,32.5,962.681,975.01,0,4,ps
1778421823.4778626,3,179,0.965251,32.61,953.84,972.12,0,4,ps
1778421824.4972234,3,180,0.890289,32.5,950.049,974.408,0,4,ps
1778421825.5201697,3,181,1.13688,31.89,976.986,993.911,0,4,ps
1778421826.539724,3,182,0.912917,32.04,972.275,989.295,0,4,ps
1778421827.5542324,3,183,0.741379,32.21,965.313,983.263,0,4,ps
1778421828.5773566,3,184,0.932534,31.98,977.027,991.425,0,4,ps
1778421829.5977683,3,185,0.803627,32.23,961.143,982.487,0,4,ps
1778421830.624921,3,186,1.077042,31.62,982.817,1001.676,0,4,ps
1778421831.6524305,3,187,0.719641,31.87,979.539,992.604,0,4,ps
1778421832.6632967,3,188,0.954365,32.3,964.296,980.064,0,4,ps
1778421833.673876,3,189,0.516359,32.45,963.149,976.404,0,4,ps
1778421834.6812465,3,190,0.957161,32.11,972.341,987.322,0,4,ps
1778421835.709009,3,191,0.655156,31.87,977.512,994.63,0,4,ps
1778421836.7140791,3,192,0.900881,32.61,956.44,971.183,0,4,ps
1778421837.7177355,3,193,0.844166,32.87,950.704,963.616,0,4,ps
1778421838.7252088,3,194,0.801298,32.35,960.541,979.631,0,4,ps
1778421839.73169,3,195,0.912969,32.43,960.494,977.446,0,4,ps
1778421840.7461784,3,196,0.691183,31.95,975.873,991.306,0,4,ps
1778421841.7601445,3,197,0.977456,32.29,963.718,981.755,0,4,ps
1778421842.765679,3,198,0.763862,32.54,957.688,972.496,0,4,ps
1778421843.7775404,3,199,1.1424,32.5,961.862,975.103,0,4,ps
1778421844.786648,3,200,0.594418,32.2,966.374,984.509,0,4,ps
1778421845.8106515,3,201,0.669171,32.28,963.748,980.784,0,4,ps
1778421846.8373406,3,202,0.694032,31.42,982.21,1008.065,0,4,ps
1778421847.8582911,3,203,0.677585,31.82,970.706,994.905,0,4,ps
1778421848.864437,3,204,0.848768,32.84,945.49,964.678,0,4,ps
1778421849.8813653,3,205,0.828857,31.73,983.781,998.778,0,4,ps
1778421850.8922744,3,206,0.753089,31.91,977.908,993.324,0,4,ps
1778421851.9021668,3,207,0.704362,32.21,963.595,983.258,0,4,ps
1778421852.9006228,3,208,1.024185,32.54,959.229,974.253,0,4,ps
1778421853.9078012,3,209,0.656082,31.97,974.648,990.105,0,4,ps
1778421854.9148488,3,210,0.683031,32.39,958.559,978.203,0,4,ps
1778421855.9236424,3,211,0.705387,32.38,962.334,979.083,0,4,ps
1778421856.9353318,3,212,0.556901,32.28,966.126,981.157,0,4,ps
1778421857.9524086,3,213,1.080426,31.83,976.323,995.99,0,4,ps
1778421858.9630451,3,214,0.907577,32.13,971.71,986.553,0,4,ps
1778421859.956721,3,215,0.695818,32.87,936.809,963.987,0,4,ps
1778421860.9636726,3,216,1.196581,32.24,966.249,982.442,0,4,ps
1778421861.9825425,3,217,0.82181,31.89,977.947,993.39,0,4,ps
1778421863.0104203,3,218,0.95186,31.77,981.329,996.776,0,4,ps
1778421864.0319283,3,219,0.865379,31.93,966.287,991.126,0,4,ps
1778421865.082638,3,220,0.729895,31.16,1000.913,1016.609,0,4,ps
1778421866.101844,3,221,0.752513,31.91,974.309,993.402,0,4,ps
1778421867.1184506,3,222,0.668638,32.14,972.02,985.289,0,4,ps
1778421868.1293263,3,223,1.033681,32.31,962.303,980.476,0,4,ps
1778421869.1400511,3,224,0.690436,32.09,968.437,987.518,0,4,ps
1778421870.1532407,3,225,1.250105,32.06,972.389,989.081,0,4,ps
1778421871.171235,3,226,0.804962,31.87,974.701,994.04,0,4,ps
1778421872.1784205,3,227,0.687337,32.04,969.652,989.113,0,4,ps
1778421873.1939046,3,228,0.39926,32.04,969.635,988.29,0,4,ps
1778421874.2175431,3,229,0.951044,31.92,976.433,991.379,0,4,ps
1778421875.2698631,3,230,0.822155,31.04,1004.35,1020.356,0,4,ps
1778421876.2658412,3,231,0.558179,32.92,949.42,962.275,0,4,ps
1778421877.280747,3,232,0.838358,32.21,965.502,982.661,0,4,ps
1778421878.2893414,3,233,0.821463,32.45,961.371,977.315,0,4,ps
1778421879.2843046,3,234,1.082716,33.12,943.57,956.041,0,4,ps
1778421880.28553,3,235,0.769443,32.24,960.915,983.31,0,4,ps
1778421881.2904232,3,236,1.191271,32.12,970.179,986.983,0,4,ps
1778421882.2992141,3,237,0.684039,31.98,976.371,991.506,0,4,ps
1778421883.2992735,3,238,0.85026,32.51,955.912,974.74,0,4,ps
1778421884.2995596,3,239,0.853217,32.47,956.059,975.486,0,4,ps
1778421885.3086913,3,240,0.869023,32.43,964.163,977.196,0,4,ps
1778421886.3180017,3,241,1.052716,32.13,971.056,987.054,0,4,ps
1778421887.3306513,3,242,1.122674,32.23,965.69,982.838,0,4,ps
1778421888.3446379,3,243,0.802137,31.81,973.991,996.542,0,4,ps
1778421889.350792,3,244,0.84275,32.49,961.264,977.337,0,4,ps
1778421890.358807,3,245,0.90862,32.05,973.198,989.308,0,4,ps
1778421891.3593786,3,246,1.014975,32.96,949.065,960.899,0,4,ps
1778421892.3707604,3,247,0.63662,32.1,969.339,987.213,0,4,ps
1778421893.3832393,3,248,0.906109,31.96,970.027,991.249,0,4,ps
1778421894.377013,3,249,0.945599,32.68,954.361,969.055,0,4,ps
1778421895.4003785,3,250,1.092757,32.03,975.67,988.62,0,4,ps
1778421896.4039428,3,251,0.976648,32.45,958.099,976.709,0,4,ps
1778421897.4293983,3,252,0.815978,31.64,974.475,1001.295,0,4,ps
1778421898.4418075,3,253,1.10926,32.09,972.219,986.917,0,4,ps
1778421899.4674408,3,254,0.739992,32.08,971.417,987.564,0,4,ps
1778421900.4843457,3,255,1.024521,32.69,952.398,969.158,0,4,ps
1778421901.4951193,3,256,0.758977,32.25,964.54,982.838,0,4,ps
1778421902.5041504,3,257,1.161411,31.99,962.544,990.559,0,4,ps
1778421903.509533,3,258,0.763665,32.53,959.177,974.552,0,4,ps
1778421904.5099115,3,259,0.702022,32.93,947.211,961.398,0,4,ps
1778421905.5179172,3,260,1.352731,32.39,964.644,978.423,0,4,ps
1778421906.5368285,3,261,0.823717,31.78,977.653,997.771,0,4,ps
1778421907.5473397,3,262,0.752187,31.92,973.464,992.352,0,4,ps
1778421908.5534792,3,263,1.478921,32.08,961.866,987.793,0,4,ps
1778421909.577391,3,264,0.783879,31.74,982.796,998.976,0,4,ps
1778421910.5771928,3,265,0.718016,32.65,954.441,969.694,0,4,ps
1778421911.5902233,3,266,0.881183,31.84,980.368,995.01,0,4,ps
1778421912.6177444,3,267,0.776391,31.77,973.846,995.857,0,4,ps
1778421913.627902,3,268,0.776927,31.88,977.418,993.823,0,4,ps
1778421914.6393085,3,269,0.468815,32.42,957.275,976.954,0,4,ps
1778421915.6394637,3,270,1.050852,32.68,946.33,969.618,0,4,ps
1778421916.6474433,3,271,1.12597,31.99,965.612,990.946,0,4,ps
1778421917.6505246,3,272,0.587971,32.17,964.847,985.138,0,4,ps
1778421918.6554909,3,273,0.989941,32.11,964.648,987.216,0,4,ps
1778421919.653628,3,274,0.769782,32.31,958.792,981.166,0,4,ps
1778421920.6615996,3,275,0.722587,32.0,958.994,989.608,0,4,ps
1778421921.6746697,3,276,0.962076,32.29,968.024,981.287,0,4,ps
1778421922.6711526,3,277,1.139177,33.16,944.018,955.696,0,4,ps
1778421923.6703787,3,278,0.637905,32.28,963.413,981.152,0,4,ps
1778421924.6785526,3,279,0.807639,32.18,970.286,985.14,0,4,ps
1778421925.6833224,3,280,1.099482,32.29,965.943,981.849,0,4,ps
1778421926.68216,3,281,1.20486,32.43,957.472,976.445,0,4,ps
1778421927.7082276,3,282,0.717919,31.85,981.941,995.471,0,4,ps
1778421928.709528,3,283,1.13941,32.59,954.952,973.012,0,4,ps
1778421929.7106102,3,284,0.661348,32.76,953.819,966.289,0,4,ps
1778421930.7183194,3,285,0.938745,32.37,963.324,979.074,0,4,ps
1778421931.7347422,3,286,0.863164,32.31,967.685,981.087,0,4,ps
1778421932.7626464,3,287,1.196313,31.78,975.722,996.573,0,4,ps
1778421933.7914767,3,288,0.696402,31.52,981.056,1003.87,0,4,ps
1778421934.809319,3,289,0.998956,32.09,969.111,986.655,0,4,ps
1778421935.8266344,3,290,0.78338,32.31,957.103,980.255,0,4,ps
1778421936.8297033,3,291,1.059651,32.6,954.224,971.716,0,4,ps
1778421937.8420053,3,292,0.783192,32.07,973.211,988.079,0,4,ps
1778421938.8457942,3,293,0.603677,32.6,957.558,972.028,0,4,ps
1778421939.8441133,3,294,0.675479,32.33,954.229,980.379,0,4,ps
1778421940.8677113,3,295,0.969099,31.99,973.521,989.618,0,4,ps
1778421941.872659,3,296,1.004293,32.1,967.86,987.71,0,4,ps
1778421942.8766575,3,297,0.590644,32.52,943.52,973.918,0,4,ps
1778421943.8810945,3,298,0.684794,32.06,966.861,988.329,0,4,ps
1778421944.8864853,3,299,0.667507,32.1,960.517,987.406,0,4,ps
1778421945.9041195,3,300,0.802192,32.19,965.337,984.173,0,4,ps
1778421946.9009387,3,301,0.588039,32.39,955.087,979.27,0,4,ps
1778421947.9080706,3,302,1.096147,32.1,970.524,986.762,0,4,ps
1778421948.922137,3,303,0.915329,31.81,973.51,996.674,0,4,ps
1778421949.933714,3,304,0.575544,31.88,975.182,993.552,0,4,ps
1778421950.9537122,3,305,0.717847,31.63,977.347,1002.444,0,4,ps
1778421951.969755,3,306,0.824611,32.44,957.749,976.074,0,4,ps
1778421952.9987364,3,307,1.194034,31.87,978.267,993.317,0,4,ps
1778421954.0183465,3,308,0.71586,32.01,975.217,989.179,0,4,ps
1778421955.0438702,3,309,0.680713,31.46,985.251,1007.481,0,4,ps
1778421956.0509086,3,310,0.853606,32.04,969.139,989.366,0,4,ps
1778421957.0600545,3,311,0.605844,32.47,963.042,976.075,0,4,ps
1778421958.0649383,3,312,0.853596,32.11,965.624,987.332,0,4,ps
1778421959.0748324,3,313,0.999644,32.39,964.264,977.886,0,4,ps
1778421960.083572,3,314,1.00735,31.99,976.03,991.246,0,4,ps
1778421961.0815253,3,315,1.008713,32.56,958.526,973.336,0,4,ps
1778421962.0895526,3,316,1.202954,32.82,951.875,964.767,0,4,ps
1778421963.095653,3,317,0.859285,32.36,956.622,979.443,0,4,ps
1778421964.1019812,3,318,0.789704,32.39,965.162,978.488,0,4,ps
1778421965.107497,3,319,0.912584,32.36,962.449,979.898,0,4,ps
1778421966.1139302,3,320,0.727852,32.5,946.191,974.433,0,4,ps
1778421967.1145015,3,321,0.81565,32.9,951.086,964.855,0,4,ps
1778421968.1174428,3,322,1.026727,32.18,967.789,984.91,0,4,ps
1778421969.123781,3,323,0.857444,32.61,958.128,971.364,0,4,ps
1778421970.1406064,3,324,0.838381,32.2,962.057,984.442,0,4,ps
1778421971.1368136,3,325,0.73667,32.58,954.392,973.122,0,4,ps
1778421972.1498547,3,326,0.918844,31.83,981.174,996.027,0,4,ps
1778421973.15419,3,327,0.656939,32.54,956.809,973.144,0,4,ps
1778421974.1735961,3,328,0.798458,31.85,978.198,995.282,0,4,ps
1778421975.2304623,3,329,0.642854,30.52,1018.654,1039.374,0,4,ps
1778421976.2415442,3,330,0.989339,31.9,978.104,993.286,0,4,ps
1778421977.2531183,3,331,0.735423,32.23,969.436,983.632,0,4,ps
1778421978.250215,3,332,0.803052,32.74,951.249,968.142,0,4,ps
1778421979.2462423,3,333,0.582347,32.61,954.991,972.266,0,4,ps
1778421980.2647574,3,334,0.487309,32.14,969.144,985.601,0,4,ps
1778421981.267368,3,335,0.975786,32.18,961.787,984.824,0,4,ps
1778421982.270404,3,336,0.737535,32.18,967.064,985.002,0,4,ps
1778421983.2689497,3,337,0.823191,32.92,946.665,961.871,0,4,ps
1778421984.2736793,3,338,0.61044,32.36,952.616,979.58,0,4,ps
1778421985.3004348,3,339,0.6843,31.44,988.757,1007.543,0,4,ps
1778421986.3065243,3,340,0.996132,32.07,963.325,988.676,0,4,ps
1778421987.3266196,3,341,0.695389,32.07,973.153,988.472,0,4,ps
1778421988.3362722,3,342,1.039859,32.48,962.309,974.911,0,4,ps
1778421989.3365343,3,343,0.67238,32.26,966.769,982.273,0,4,ps
1778421990.3390431,3,344,0.722154,32.18,960.209,984.803,0,4,ps
1778421991.3430731,3,345,0.858766,32.32,962.253,980.78,0,4,ps
1778421992.3481922,3,346,0.612634,32.28,965.601,980.991,0,4,ps
1778421993.3824005,3,347,0.724616,31.47,990.142,1006.936,0,4,ps
1778421994.3946524,3,348,0.907606,32.07,965.045,987.516,0,4,ps
1778421995.4165895,3,349,0.742405,31.75,977.286,997.664,0,4,ps
1778421996.4335449,3,350,0.834341,31.98,975.625,990.353,0,4,ps
1778421997.4519744,3,351,0.720108,32.16,967.047,986.345,0,4,ps
1778421998.4513538,3,352,0.650243,32.71,954.883,969.143,0,4,ps
1778421999.4748247,3,353,0.927303,31.94,975.97,993.109,0,4,ps
1778422000.4761717,3,354,0.643179,32.67,955.784,969.464,0,4,ps
1778422001.476376,3,355,0.747187,32.4,962.794,978.284,0,4,ps
1778422002.472512,3,356,0.870674,32.67,956.16,972.199,0,4,ps
1778422003.4820921,3,357,1.059139,31.94,969.073,991.413,0,4,ps
1778422004.482818,3,358,1.047689,32.69,952.254,969.826,0,4,ps
1778422005.4858043,3,359,0.78965,32.18,959.449,985.521,0,4,ps
1778422006.483185,3,360,1.280624,32.53,954.356,974.561,0,4,ps
1778422007.4898496,3,361,0.639766,32.04,969.297,987.997,0,4,ps
1778422008.4887805,3,362,1.011706,32.74,954.826,968.171,0,4,ps
1778422009.4891393,3,363,0.57744,32.27,965.846,982.35,0,4,ps
1778422010.5030367,3,364,0.95765,32.17,970.624,984.918,0,4,ps
1778422011.5076733,3,365,0.845154,32.52,959.534,975.035,0,4,ps
1778422012.5191605,3,366,0.689587,32.01,969.666,989.6,0,4,ps
1778422013.525636,3,367,0.854684,32.06,973.628,988.752,0,4,ps
1778422014.5551703,3,368,0.959656,31.5,989.831,1006.603,0,4,ps
1778422015.5626454,3,369,0.642866,32.16,959.978,984.394,0,4,ps
1778422016.5790696,3,370,0.94835,31.99,974.533,990.911,0,4,ps
1778422017.6042318,3,371,0.416545,31.51,982.894,1004.082,0,4,ps
1778422018.596799,3,372,0.565362,33.05,946.192,958.778,0,4,ps
1778422019.5983822,3,373,0.983285,32.21,965.7,983.607,0,4,ps
1778422020.6170301,3,374,0.78025,32.08,969.003,987.192,0,4,ps
1778422021.6258311,3,375,0.6901,31.98,961.34,990.67,0,4,ps
1778422022.6310096,3,376,1.074278,32.4,959.517,977.982,0,4,ps
1778422023.6374815,3,377,1.27026,32.32,965.055,980.895,0,4,ps
1778422024.6542177,3,378,0.630637,32.27,968.067,981.29,0,4,ps
1778422025.6647468,3,379,0.677079,32.09,969.681,987.587,0,4,ps
1778422026.6670973,3,380,0.613641,32.19,968.785,984.742,0,4,ps
1778422027.6740398,3,381,0.47766,32.03,968.335,988.473,0,4,ps
1778422028.6798403,3,382,0.715107,32.08,972.812,988.092,0,4,ps
1778422029.6794517,3,383,0.982173,32.63,952.776,969.739,0,4,ps
1778422030.6920524,3,384,0.7801,32.11,962.857,986.806,0,4,ps
1778422031.704646,3,385,0.721622,32.09,970.233,987.147,0,4,ps
1778422032.7211196,3,386,0.788327,31.74,983.797,999.058,0,4,ps
1778422033.7354453,3,387,0.645614,32.0,975.159,990.768,0,4,ps
1778422034.7501988,3,388,0.70189,31.79,973.507,995.955,0,4,ps
1778422035.7679813,3,389,0.689092,31.68,977.561,999.942,0,4,ps
1778422037.0379858,3,390,0.807048,15.94,964.804,983.796,0,4,ps
